tree
version=v4
num_class=1
num_tree_per_iteration=1
label_index=0
max_feature_idx=4
objective=lambdarank
feature_names=retr_score bpr_score sasrec_score trans_score is_repeat
feature_infos=[0.97607213258743208:0.99987328052520708] [1.3258850574000001:18.992355346699998] [0.80662602189999999:13.481628418] [-3.6469357013999999:3.4155421257] [0:1]
tree_sizes=7010 7017 7045 7008 7025 7019 7024 7022 7029 7029 7017 7016 7002 6968 7013 7020 6999 6970 6984 6976 6989 7021 6998 7007 6980 7005 7002 6987 7009 6992 6974 6972 6965 6959 6967 7036 6976 6970 6965

Tree=0
num_leaves=63
num_cat=0
split_feature=4 0 1 0 1 0 3 2 1 2 2 3 0 0 0 0 0 0 1 1 1 2 1 2 3 1 3 2 0 1 0 3 3 3 2 0 0 2 3 3 2 2 0 3 0 1 3 1 1 3 3 2 3 0 2 3 1 2 2 3 2 2
split_gain=26128 2392.88 1335.34 544.43 497.852 350.721 171.812 134.162 110.065 79.2239 65.215 49.9247 48.5409 47.4907 47.1836 41.5785 35.9747 35.6313 41.6488 35.4129 34.3753 34.338 34.0354 31.2622 35.6749 30.8525 26.5212 36.0217 31.3724 26.3365 25.8017 25.1785 24.6619 24.1473 24.0764 35.0753 26.1406 23.7273 29.1991 25.9653 23.6084 23.5607 33.8711 31.0857 22.7947 22.0775 21.835 25.8684 21.2533 21.2306 20.8463 20.7546 20.5203 20.0865 36.7211 25.3477 23.9754 18.7824 17.943 17.7148 18.2517 42.7878
threshold=1.0000000180025095e-35 1.0000000180025095e-35 5.6880013943000014 0.98978909850120511 8.6349406242500013 0.99529263377189625 1.1460097432000003 6.8185496330500008 5.6709265708500007 5.7348122597000009 4.9735651016500011 -1.0528512001499999 0.99505531787872259 0.98759838938713074 0.99696221947669972 0.99574175477027871 0.98819151520729065 0.98120954632759072 6.6788682937500008 8.8421487808000006 8.5363907814000015 5.9362688064500011 10.360822200800003 2.4415166378000004 0.69096937775000011 5.7660222053500005 -0.70959281919999995 2.48893892765 0.99454283714294378 5.9473619461000009 0.99610862135887113 -0.35465051234999995 -0.75889000294999986 -0.87749439474999991 3.6850485801500006 0.99542945623397816 0.99320301413536072 3.3769667148500004 -0.56304064394999986 1.2059748173000002 3.7100044489000004 3.3148703575000003 0.99749696254730169 1.9670250415500001 0.99591889977455128 3.6658142805000007 -1.1532353758499998 5.3117687702000005 5.4512338638500006 0.63187745215000013 -1.1294083595499997 8.9321832657000027 -2.4906959533999995 0.99749696254730169 4.7693819999500011 1.4125910997500002 7.4557628631500004 5.146647691750001 3.5087287426000002 -1.2372166514499998 3.9833949804500004 3.5797259808000006
decision_type=2 10 10 10 10 10 10 10 8 10 10 10 10 10 10 10 10 10 10 10 10 8 10 8 8 10 8 8 10 10 10 10 8 8 8 10 10 10 10 10 10 8 10 10 10 8 8 10 10 10 8 10 10 10 10 10 10 8 8 10 10 10
left_child=1 -1 3 13 5 17 11 15 23 29 26 12 16 -3 20 -6 -4 -2 -19 53 34 -15 -17 24 44 -14 28 -28 52 46 31 40 -11 -12 -13 36 -36 39 -39 -29 -25 -31 58 -44 -5 -23 48 49 -7 -48 -49 59 -10 56 -55 -56 -8 -50 -43 -32 61 -61
right_child=4 2 6 8 7 9 19 -9 10 32 33 14 25 21 -16 22 -18 18 -20 -21 -22 45 -24 30 -26 -27 27 37 -30 41 51 -33 -34 -35 35 -37 -38 38 -40 -41 -42 42 43 -45 -46 -47 47 50 57 -51 -52 -53 -54 54 55 -57 -58 -59 -60 60 -62 -63
leaf_value=0.10000000000000001 0.10000000000000001 -0.092944468984527184 -0.07408892334199603 -0.022112349100590786 0.084130499031145861 -0.099999999999999978 -0.0023236966477942346 0.091220957762284338 -0.037061841909569265 0.066998848535788677 -0.068736877386200282 0.0089515144748173372 0.015721109665157485 -0.06146731260864835 -0.041438855118842634 0.056094109125905012 -0.021089811942501733 0.052357907234881929 0.077927327626500398 0.045693811467557473 0.027946254696317008 -0.040974397384415384 0.074910171609628429 -0.051829182032071812 0.026878647419642649 -0.081412571211943507 -0.026334775984792131 -0.066339230604330626 -0.081250722221464275 0.0470459634019956 -0.10000000000000001 -0.022186385361672577 0.031309325475160701 -0.0054668841649467212 -0.051955807414710432 -0.03870574502501567 0.010487544079323806 -0.028715420293973139 -0.06988158436367059 -0.015756302111435704 -0.027172863624677013 -0.099999999999999978 -0.069317638402011494 0.04540996204258016 -0.10000000000000001 -0.084554740972597547 0.021242626118324202 0.089627463742193547 -0.099999999999999978 -0.10000000000000001 -0.10000000000000001 0.097801044793896036 -0.067206156934186842 -0.046417377106376077 -0.10000000000000001 0.030349222841688291 0.050309217564571997 0.038325743841823023 0.018328826417771227 -0.062047249484703353 -0.08461567437308945 0.0085430659546464477
leaf_weight=231.23481667041779 104.54029136896133 1608.1081699477509 36.945704275043681 38.861573337642767 570.75300936026906 12.769876767888492 41.822550442702777 3223.1716372908777 65.952126605741796 88.747428296963335 19.774482405926392 95.8120409002222 9.1446847808110743 202.91566315456294 122.13703102617001 407.28734045616875 240.08029399992665 249.56120733591524 440.1214472097563 96.740400538452377 63.059388210058387 29.734218671685085 586.29711981536821 493.18015164351527 31.194564882251143 77.098899387870915 69.401915996939351 1343.1413138006537 470.27716472993052 49.940613945596851 29.12148597666237 122.94377865958086 106.48086523238453 63.527896567960852 20.379804610012798 127.50751575377944 94.371582245279569 102.99884352568188 74.039481271771365 25.858717000723118 120.88029617581924 3.2541759911982808 22.836913453531455 7.9630104594980358 12.388211869721998 1283.3348982163006 53.483201733979513 1.7160898037254808 3.6050661451299675 3.8721187041373915 9.3235145249418547 2.0086591690778723 392.10769432455709 37.442923136899481 4.0699705175065892 44.595110885435133 44.828369990835199 7.6863714771752694 206.59374801651575 118.40523541567381 48.786367167434946 26.220736094248423
leaf_count=334 151 670257 13664 6106 16759 557 3645 11631 29962 710 3711 8412 242 96006 3349 3940 80786 45059 28357 2719 5516 12573 3032 159604 6115 4453 24884 716845 40035 692 764 23505 2040 10318 7845 10075 16973 44226 12547 2500 26027 236 432 72 510 743668 1349 4 132 215 652 2 164701 1224 184 757 1929 85 5930 5211 2588 678
internal_value=-5.93414e-09 -0.0585546 -0.0631657 -0.0716172 0.077779 0.0512312 -0.0134877 0.0853898 -0.0585613 0.0216102 -0.064019 -0.0241155 -0.038356 -0.0869589 -0.0142292 0.0733753 -0.0281581 0.0727982 0.068675 0.021473 -0.00594435 -0.0806097 0.0671971 -0.0448276 -0.0152791 -0.0711132 -0.0654446 -0.0615744 -0.0721793 0.00839789 -0.0473612 -0.0428403 0.0475332 -0.020486 -0.0122659 -0.0206572 -0.000602372 -0.0631563 -0.0459316 -0.0653838 -0.0469755 0.0157931 0.00930739 -0.039656 -0.0409395 -0.0835679 -0.0148453 -0.000433232 -0.0558119 0.0130574 -0.0705227 -0.0621998 -0.0628659 0.00791001 -0.00919279 0.0194478 0.0249056 -0.00583811 0.0164939 -0.063644 -0.05817 -0.0492492
internal_weight=14342.4 8182.43 7951.2 6795.16 6160.01 1372.5 1156.04 4787.51 3671.07 578.273 2627.08 886.537 363.27 3124.09 523.267 1564.34 277.026 794.223 689.683 269.499 401.13 1515.98 993.584 1043.99 82.4444 86.2436 2543.78 1615.44 928.337 383.045 961.547 737.004 195.228 83.3024 338.071 242.259 114.751 1546.04 177.038 1369 614.06 290.588 240.648 30.7999 51.2498 1313.07 92.4562 68.3949 24.0613 57.3553 11.0396 224.542 458.06 172.759 86.108 48.6651 86.6509 11.2914 209.848 222.534 193.412 144.626
internal_count=3087485 2965450 2965116 2803343 122035 86673 161773 35362 1280839 13106 1049729 151315 99145 1522504 52170 23731 94450 73567 73416 10458 48821 852247 6972 231110 12731 4695 1035700 801002 234698 10356 218379 209136 2750 14029 43305 34893 24818 776118 56773 719345 185631 7362 6670 504 6616 756241 2994 2220 774 1564 656 9243 194663 7739 2165 941 5574 217 6166 9241 8477 5889
is_linear=0
shrinkage=0.05


Tree=1
num_leaves=63
num_cat=0
split_feature=4 0 2 0 0 3 1 2 2 1 3 1 0 2 0 1 3 3 3 1 3 1 1 2 2 0 1 1 3 1 0 1 2 1 2 2 3 3 2 1 0 2 3 3 0 0 1 3 2 2 2 2 3 2 0 2 2 2 2 0 0 1
split_gain=31622.9 9826.98 1907.45 1478.13 1338.67 961.454 375.786 320.201 286.61 250.831 144.919 130.593 129.208 124.332 110.599 102.79 122.894 87.9641 82.5273 79.42 74.5449 69.6747 63.0949 62.4626 58.1241 56.3274 54.6441 52.8334 49.2683 48.1455 46.4816 43.4809 41.6806 41.1932 41.0411 40.7364 37.0107 36.4811 35.8319 34.8176 34.322 33.8978 33.3395 33.1899 36.705 32.5689 31.5087 30.8815 30.4882 29.4569 28.9999 28.701 28.1071 33.0001 27.4723 26.9424 25.8911 25.6792 24.9938 24.814 31.8817 28.2659
threshold=1.0000000180025095e-35 0.99574175477027871 5.7995538711500005 0.99574175477027871 0.99127593636512767 2.2426726818000007 4.9849114418000005 1.0000000180025095e-35 8.2642664909500017 7.1393289566000009 -0.40638962384999994 8.0259971618500021 0.98841193318366971 3.7100044489000004 0.99383294582366921 5.3117687702000005 -1.1532353758499998 -1.2125289439999998 -2.3570801019499998 10.621663570400001 -0.95906108619999986 5.4512338638500006 5.5862703323500007 4.5527472496000012 1.6520034671000003 0.99436628818511918 10.916908264200002 7.9015405178500009 -0.95906108619999986 4.124782562250001 0.99659603834152222 8.8421487808000006 4.4905934334000008 3.4306954145500002 3.1739774942500003 4.4485876560500008 -1.1294083595499997 -0.77445140479999985 2.4580522776000007 7.2836048603500005 0.99696221947669972 2.2239516973500004 -1.6888221502499998 -2.2198233604499999 0.99169495701789867 0.98767706751823414 5.433542966850001 -0.17706392704999999 9.9177846908500022 5.0394237041500007 2.1877948046000006 2.5452592373000003 1.3381136656000001 5.2212238311500005 0.99574175477027871 4.9735651016500011 6.1159505844000011 1.70272654295 2.6376491785000007 0.99343603849410977 0.99281930923461859 7.9674963951000004
decision_type=2 8 10 8 10 8 10 10 10 10 10 10 10 10 10 8 10 10 10 10 10 8 10 10 10 10 10 10 10 8 10 10 10 8 10 10 10 10 10 8 10 10 8 10 10 10 8 10 10 10 10 10 10 10 10 10 8 8 10 10 10 10
left_child=1 4 3 7 9 22 13 15 26 12 38 20 23 14 29 -2 27 32 -5 36 49 42 40 33 -23 59 28 45 39 51 -30 52 35 -1 -22 -13 -19 -36 43 -4 46 -38 -14 -8 -45 -17 -3 -27 -10 -9 -48 57 53 -12 -7 -25 -11 -6 -35 60 -18 -62
right_child=2 5 8 18 6 54 10 11 48 56 31 17 21 -15 -16 16 25 19 -20 -21 34 24 -24 55 -26 47 -28 -29 30 -31 -32 -33 -34 58 37 -37 41 -39 -40 -41 -42 -43 -44 44 -46 -47 50 -49 -50 -51 -52 -53 -54 -55 -56 -57 -58 -59 -60 -61 61 -63
leaf_value=-0.042280536382293767 -0.050773322980770821 0.0091605031694907343 0.033634171843253569 0.092984749921818766 -0.10267306205164316 0.092848604584180081 -0.055535678322124318 0.018029042516271982 0.075584134054633101 0.012643029037329152 -0.018177564152396644 0.037032050731252562 -0.012412723850481288 -0.025782748240874554 -0.037879557625142904 -0.057362390603304426 -0.10278661694008127 -0.10306583850104417 0.068209611467969361 0.050119407662917261 0.040379997021168797 -0.074852684054769261 0.029463950070095713 0.010463103573877707 -0.059210247915303861 0.0013794488271808899 0.068911601269617984 0.023693552988917441 0.033120876279380047 -0.062239968366433931 0.05741447388080341 0.029945490353888816 0.053978077380207538 -0.08449260456624727 -0.10281017979528753 -0.10240031988217378 0.067303343811264724 -0.015432371645098156 -0.023254015389753982 0.063710006378678463 0.028731918510759263 0.0054694559847586061 -0.057595611256711504 0.029778373476842729 -0.035752349399267261 0.0039463548930568516 -0.053243798076315296 -0.046259620103291245 0.083941148838468094 0.038581684725927108 -0.0039600424178573039 -0.094211169982682655 0.032159746238700895 0.018045239137093046 0.060128488359710609 -0.075529651278432391 -0.032506475490454864 -0.029419505663331475 -0.068164364636421601 -0.10336043991288202 -0.10290064996654405 0.034826678651484325
leaf_weight=61.86903469345998 90.661337129946332 116.549013830896 104.12980456306832 481.06633561430499 12.68218418152537 1010.3477077484131 243.59838733938523 930.37292691593757 2129.7665559494635 77.952102947689127 334.06102683561039 636.95635503990343 43.83320325682871 424.98743450603797 753.04806347721023 22.35013015466393 12.413427172927188 7.4342055713059372 1115.6527095825295 155.73731035646051 30.820257651619613 3513.5706450228463 442.69858479386312 25.826256228610873 714.65550222268212 103.22394435660681 1228.2621944058337 461.64565274969209 378.85373672330752 2150.9228467959911 409.95774818613427 93.947982079233043 631.14432289695833 3537.9220986237633 13.047429436002856 5.281804557889699 23.782527370378375 141.44623303355183 492.99960359290708 1268.1839861675398 78.964967725682072 325.78722908592317 595.37680990564695 23.300108306808397 257.76800060053938 703.58636996394489 56.839688533102162 50.740063123754226 2238.3922550845891 214.53896707727108 62.858644115272909 21.37519594351761 40.777725067222491 77.455642943503335 68.500808436132502 14.071426043054087 53.576890275639016 211.15621368633583 250.99169101787265 30.064426009077579 5.00378845620435 14.580414377152918
leaf_count=11053 4661 10013 1583 236 436 334 29104 20090 4186 5254 26048 5325 4912 62188 126991 1406 622 182 12157 769 408 873276 23743 3019 126607 1752 3788 5356 4235 459295 2341 3055 4118 901339 627 148 62 3759 46578 5775 5951 3271 104430 1176 22063 26405 11281 1213 2313 3347 8177 4812 1477 5208 1352 3092 5911 24726 52549 1416 356 128
internal_value=1.58469e-09 -0.0483008 0.054871 0.0342131 -0.0625404 0.0604505 -0.0422236 0.0198546 0.0714008 -0.0742832 -0.0217817 0.0289788 -0.0753125 -0.0511682 -0.054594 0.00082586 0.00415873 0.0378119 0.075674 0.0203256 0.0171183 -0.0698828 0.0172907 -0.0821053 -0.0722088 -0.0305303 0.0604904 0.0104688 0.0557042 -0.0598469 0.0457466 -0.00100686 0.0448529 -0.0827501 -0.012302 0.0358854 0.00732852 -0.0228117 -0.0329328 0.0614279 0.000194088 0.00967624 -0.0544972 -0.0420274 -0.03032 0.00205878 -0.0093446 -0.0143204 0.0798666 0.0218803 -0.0273628 -0.038856 -0.00743611 -0.0113597 0.0907711 -0.0198655 -0.00574813 -0.0335699 -0.083411 -0.0707439 -0.040098 -0.000362827
internal_weight=29829.4 15864.5 13964.9 6207.34 14027.7 1836.76 5138.08 4610.62 7757.55 8889.65 1563.91 3116.35 8758.12 3574.17 3149.18 1494.27 1403.61 1786.12 1596.72 512.741 1330.23 4867.44 757.911 3890.68 4228.23 216.026 3389.39 1187.58 2161.13 2396.14 788.811 546.242 1273.38 3850.78 185.314 642.238 357.004 154.494 1017.67 1372.31 315.212 349.57 639.21 524.666 281.068 725.937 236.247 153.964 4368.16 1144.91 119.698 245.214 452.294 411.517 1078.85 39.8977 131.529 223.838 3788.91 62.0621 31.9976 19.5842
internal_count=3087485 2965450 122035 97814 2904599 60851 813157 85421 24221 2091442 134709 42106 2080277 678448 616260 43315 38654 13875 12393 4284 28231 1109225 59165 971052 999883 5487 17722 33167 13934 489269 6576 35788 9591 964941 4794 5473 3515 4386 98921 7358 35422 3333 109342 52343 23239 27811 29471 2965 6499 23437 19458 29974 32733 31256 1686 6111 11165 25162 953888 2522 1106 484
is_linear=0
shrinkage=0.05


Tree=2
num_leaves=63
num_cat=0
split_feature=4 0 0 1 0 1 1 0 1 2 1 2 0 1 1 3 3 2 3 2 2 2 1 3 0 3 1 3 1 3 3 0 3 2 2 1 3 3 2 2 3 1 1 1 2 1 0 3 3 0 0 1 0 0 0 2 3 2 3 2 0 3
split_gain=29811.1 7987.06 1517.6 1062.39 426.815 387.379 375.264 282.831 336.987 205.602 167.326 163.737 129.582 110.887 96.416 93.6556 79.8996 57.6792 51.8535 48.9933 48.1198 43.3636 38.4496 38.144 37.6488 36.7886 33.2921 41.9469 33.2552 32.7285 32.6177 32.6545 32.095 28.8054 28.0048 27.6233 27.4277 27.5593 25.5381 25.2043 24.849 32.7795 23.1413 26.2127 35.1331 29.9418 22.9887 22.746 21.6515 21.1693 27.7372 21.1287 31.2416 20.9463 20.6572 22.5653 29.5242 25.091 20.6118 20.3288 20.2084 20.0796
threshold=1.0000000180025095e-35 0.99696221947669972 0.99266782402992215 9.0456075668000029 0.99696221947669972 4.5090684891000015 2.2447462082000005 0.99749696254730169 9.0456075668000029 6.5113930702500005 7.1775269508500008 7.4548234939500011 0.98981776833534219 7.1775269508500008 6.5099203586500005 -0.90427073839999983 0.83043432235000003 3.5901259184000005 -3.0573956966499996 2.3110419512000004 5.1809973716500011 4.4905934334000008 4.4070367813500004 2.2426726818000007 0.99493658542633023 0.14851966500000002 5.653244495400001 0.23694828150000002 3.9424386024500007 1.6298171282000002 -1.0786423087499999 0.99390479922294572 0.35520821810000008 2.2951924801000003 3.8968374729500006 5.5688121319000006 -2.1550192832999997 -2.0695745944999993 2.4580522776000007 2.3280550241000006 0.086167193950000012 10.916908264200002 7.2836048603500005 8.7311124801500011 2.0795034170500002 9.5796356201000012 0.98878601193428028 0.51117780805000013 -1.0113126635499998 0.99242612719535772 0.9918566346168517 7.0692496299500016 0.9902128279209137 0.99314874410629261 0.99483138322830167 3.3259888887500004 -0.35465051234999995 4.8532297611500006 -0.22884303334999997 5.7348122597000009 0.98688468337058965 0.83043432235000003
decision_type=2 8 10 8 10 10 10 8 10 10 10 10 10 10 10 10 10 10 10 10 10 10 8 10 10 10 10 8 8 10 10 10 10 10 10 10 8 8 10 8 10 10 10 10 8 8 10 10 10 10 10 10 10 10 10 10 8 10 10 10 10 8
left_child=1 2 6 9 -3 15 12 8 -5 13 18 40 19 26 25 24 -9 39 21 60 28 46 48 -13 -4 54 27 35 61 -24 31 38 42 -33 -15 -2 -28 -38 -16 -14 -10 -42 -12 44 -44 -45 -8 49 -6 50 -20 -39 -53 -32 55 -7 57 -57 -36 -46 -1 -17
right_child=3 4 5 7 22 14 10 16 11 -11 32 23 17 34 30 20 -18 -19 47 -21 -22 -23 29 -25 -26 -27 36 -29 -30 -31 53 33 -34 -35 58 -37 37 51 -40 -41 41 -43 43 45 59 -47 -48 -49 -50 -51 -52 52 -54 -55 -56 56 -58 -59 -60 -61 -62 -63
leaf_value=-0.082817310675284944 0.023665499635090084 0.086746155558563631 -0.055671315668869549 0.0084457151610573579 0.05728153564147799 -0.043716970197078993 -0.069429290193351686 0.081920720776660239 0.054449211931025969 0.057670410542389305 0.025939323276374195 0.069522105955435592 -0.040668881482386815 0.028186924294375845 -0.042509993350127312 -0.00088781429086565416 0.065602387301337647 -0.040047611926456166 -0.046516275411702564 -0.061428548214264612 0.022231553805234106 -0.02118778814009524 0.013999450525364105 -0.0086576094824197605 -0.030812035728341319 -0.0057414142839804097 0.043043997227430214 -0.017531517936165746 -0.03833102815260217 0.044922227124305533 -0.049792958478306774 -0.010873127143989567 0.050791854550764785 -0.080389713835909524 0.043406362884485308 -0.10146007578706291 -0.10257763031200405 0.0203499728053241 0.015896174026727258 -0.066808558863032053 0.028587163709185633 0.053504840136835319 0.064146216966919786 0.030474308418245378 -0.047906240892597117 -0.094952884425137482 -0.055264609270570655 0.01805466135055413 -0.10051698137426422 -0.072467573265925456 -0.017176088581003415 0.041521852743584817 -0.036920338384374446 0.0087389235862941513 -0.016524689351528274 -0.026917305371435152 0.003817421111988053 -0.094355748281284846 0.024743804140494045 0.023148224562312792 -0.076018746557525468 -0.097631586214096636
leaf_weight=1634.5425849681487 147.52744611402159 977.17515277862549 1153.1109284496051 324.41959807448438 2.8324476317502549 277.62118145549903 419.92226016893983 2149.0253830172587 2237.7586978418403 702.63302971504163 32.100411805557087 2903.4546130712843 95.302010250510648 805.81587119225878 25.925398278748617 94.236742290318944 1152.357177921338 231.59867080714321 219.43632419477217 473.19407466624398 43.464694397407584 77.088270865613595 211.33149824541761 15.686196191236375 175.48335196304834 235.77341535233427 119.60332422610372 147.00291975782602 442.31987022870453 143.78649705537828 15.715485585096756 28.145029164967127 22.191176714142784 31.669676531600999 930.85684922814835 4.5467991298064581 4.7589327942114323 746.67031293964828 67.302312572282972 2849.5147071749088 237.20151564641856 297.55353097966872 8.6626214318675903 35.594446896458976 96.707437491320889 5.4923028338234863 901.16470220964402 17.695078360004118 9.3484990656725113 44.256310330994893 127.27189361781348 18.919216879527085 38.572167748119682 557.82625653716968 230.54197592393029 80.086199210840277 71.624216204567347 16.662059259135276 175.90867635770701 11.23580271162791 3299.4296394587727 5.6872056799475095
leaf_count=421614 4143 334 226208 19437 42 37817 90276 1800 14836 4133 1866 6272 17550 15400 3463 5102 2559 38735 27068 100317 3386 10211 10591 142 27881 17895 1972 8200 75799 3205 1859 2669 628 4622 9941 405 328 22786 4279 684618 2759 1533 114 1687 11162 747 155073 1336 732 6459 12837 339 1585 27669 19699 8055 6548 2766 3465 809 890998 724
internal_value=1.38385e-10 -0.0469877 -0.0580491 0.0553418 0.0694744 -0.0297692 -0.0675265 0.0644651 0.0580119 0.0332208 -0.0481301 0.0608372 -0.0720885 0.0277501 -0.0119266 -0.0450448 0.0762248 -0.0640731 -0.0530606 -0.0767971 -0.0283882 -0.0576399 0.0235239 0.069102 -0.0523879 -0.0227494 0.0160223 0.00151402 -0.0324457 0.02652 0.00166271 -0.0188456 -0.00610482 -0.0476796 0.0352776 0.0199244 0.0206955 0.0173911 -0.000345812 -0.0659626 0.0521352 0.0424521 -0.0127574 -0.0206346 -0.0327353 0.0137077 -0.059767 -0.0373931 -0.0638239 -0.0399027 -0.0357459 0.0181011 -0.0111066 0.0071351 -0.0286767 -0.0349584 -0.0205167 -0.0385316 0.0404401 -0.0405102 -0.078271 -0.00639402
internal_weight=28660.3 15500.1 14155.6 13160.3 1344.47 3553.2 10602.4 9317.46 6016.07 3842.82 2018.82 5691.65 8583.58 3140.18 1638.89 1914.3 3301.38 3176.42 1806.83 5407.17 585.709 1398.18 367.299 2919.14 1328.59 912.309 1227.6 299.077 542.244 355.118 726.584 153.042 211.984 59.8147 1912.58 152.074 928.524 808.921 93.2277 2944.82 2772.51 534.755 189.793 157.693 116.606 41.0867 1321.09 408.66 12.1809 390.965 346.708 804.162 57.4914 573.542 676.536 445.994 168.372 96.7483 1106.77 107.943 4933.97 99.9239
internal_count=3087485 2965450 2950546 122035 14904 476441 2474105 49338 44979 72697 320273 25542 2153832 68564 137341 339100 4359 740903 303260 1412929 85011 255560 14570 6414 254089 92780 39758 12748 81625 13796 44561 15033 17013 7291 28806 4548 27010 25038 7742 702168 19128 4292 16385 14519 12085 2434 245349 47700 774 46364 39905 24710 1924 29528 74885 55186 17369 10821 13406 11971 1312612 5826
is_linear=0
shrinkage=0.05


Tree=3
num_leaves=63
num_cat=0
split_feature=4 0 1 1 0 3 0 0 1 1 2 1 2 2 0 0 3 3 0 2 1 1 2 2 1 1 2 0 2 2 1 3 0 1 0 2 0 2 3 2 2 2 3 2 0 2 0 0 0 3 3 3 3 3 3 0 2 1 0 3 1 3
split_gain=26549.5 7055.16 1340.92 842.751 442.39 429.198 317.197 281.041 223.805 144.992 140.788 103.587 90.1719 70.541 67.8611 62.8984 58.1789 46.2913 39.3704 35.96 35.9171 35.8496 37.7996 32.849 30.6545 29.8961 28.901 28.8473 27.1204 25.664 27.9895 26.8649 24.3985 31.9258 24.0446 27.2831 23.6334 28.6589 23.6303 23.4972 22.8208 22.458 27.243 22.092 21.9934 22.5229 20.0412 19.9285 26.3833 19.2939 19.2718 25.0725 19.1273 20.0845 18.1851 18.1466 17.4124 17.3601 30.4338 28.2428 22.1872 19.7955
threshold=1.0000000180025095e-35 0.99696221947669972 1.0000000180025095e-35 8.4591779709000026 0.99696221947669972 -1.4297347068499999 0.99749696254730169 0.99202126264572121 8.4591779709000026 7.4557628631500004 7.2120532989500008 6.375423908250001 4.8850574493500014 4.9735651016500011 0.98943290114402771 0.99146187305450417 0.60498282315000018 1.0455129742500002 0.99131467938423168 8.9321832657000027 9.5796356201000012 6.5099203586500005 3.8141752481500002 1.6520034671000003 8.8421487808000006 7.2108395099500013 3.4343235492500006 0.99390479922294572 3.6460788250000005 4.7433722019000006 8.0993642807000015 1.0000000180025095e-35 0.9916553795337677 3.7947596311500003 0.99202126264572121 3.7736939192000007 0.99483138322830167 4.0117690563000012 -1.3223733305999998 2.3946442604500002 3.6850485801500006 1.70272654295 -0.66072347759999983 2.5452592373000003 0.99210807681083668 3.9117113351500006 0.98828735947608914 0.99039688706397966 0.98847109079360918 -2.4906959533999995 -1.2238879203499997 0.063961837450000017 -0.78986746069999991 -3.0573956966499996 -1.6118768453499996 0.98630034923553422 1.8306259513000003 4.7488431931000017 0.99413067102432218 -1.6020455360499997 3.3219287395500006 -2.4074096679499997
decision_type=2 8 10 8 10 10 8 10 10 10 10 10 10 10 10 10 10 10 10 10 10 10 8 10 10 10 10 10 10 10 10 10 10 10 10 10 10 8 10 8 10 10 10 10 10 10 10 10 10 8 10 8 10 8 10 10 8 10 10 10 10 8
left_child=1 2 7 12 -3 11 8 14 34 18 20 15 21 27 43 40 -8 -12 -7 -18 38 22 50 -16 29 -14 32 28 -9 30 -6 -31 33 -17 35 39 -20 -38 -10 -5 -4 42 -40 -1 45 -30 -24 48 -41 -36 -2 -52 53 -29 -28 -23 -11 58 60 -60 -48 -59
right_child=3 4 5 6 24 9 16 13 10 56 17 -13 25 -15 23 26 19 -19 36 -21 -22 55 46 -25 -26 -27 54 52 44 31 -32 -33 -34 -35 49 -37 37 -39 41 47 -42 -43 -44 -45 -46 -47 57 -49 -50 -51 51 -53 -54 -55 -56 -57 -58 61 59 -61 -62 -63
leaf_value=-0.074720160309267633 0.0180855443085382 0.081886841762477416 -0.060427697806455377 0.059994668241692597 0.0036150692758221258 -0.061099242775397383 0.077432706319536332 -0.057567434340812844 0.045741754486011109 -0.10370893062626939 0.063999360241134215 -0.021915043608276594 0.026949953710930747 -0.0021630245451637587 -0.06660769348727022 0.032614495388985663 0.055941745772087673 0.03945723073196164 -0.025264565823257951 0.072395930696790414 0.051972860766993589 -0.09811938009459216 -0.064733897212067154 -0.053032657659920414 0.043776451931535613 0.045365746257511684 -0.018675994940301654 0.053776754738635184 0.067834181842246891 -0.096069487900724157 -0.10121659774485248 0.036536677667772376 -0.048167745138351051 -0.043659421619080707 -0.10119575538409367 0.031067748666629542 0.0026853194906036357 -0.019908167322733903 -0.10671444674153299 -0.097284476161541941 -0.036977522731789197 0.034961903926210736 0.012137057926110986 -0.061610835026060455 -0.039856701595908178 -0.089408628160984632 0.049068541874931509 -0.063287061736382683 0.0031030313065364681 0.02521125936070881 0.059801519165239438 -0.103458118347393 -0.030945688176156005 -0.050063892640721586 -0.076698517645912734 0.026335002882101773 0.015277068579059193 -0.059393665073645296 0.056470490320089078 -0.10680057332543712 -0.097838277678107877 0.0090828967669660653
leaf_weight=4387.9785510647343 138.9836897427449 967.60266590118408 966.77585367223946 8.2329058065079135 187.23358154832385 55.991802011674736 1995.3314643739723 1137.1535267357249 878.83978315524291 3.0984902289928868 3062.056541033031 395.79528183009825 317.75629386282526 77.629473838023841 2531.2390255028149 22.457937096362002 683.91346049599815 205.0024106769124 590.30267169256695 645.41202274395619 1975.0483563183807 2.9364519936498246 11.332728104665874 540.85597158188466 91.689090210827999 719.14469002978876 184.55564032893744 4.7122831959277391 9.5179499087389541 3.9779138324083751 6.5913664042018345 95.863233026466332 544.86076323007001 35.257696804590523 3.0735081038437784 35.867782034678385 229.75345698179444 360.72346606309293 5.6321646398864678 7.6167462889570734 116.21963902935386 351.54586752131581 33.499680849025026 346.77439728489844 106.78164983011084 2.9935656703310078 3.0740512273041558 27.506844197981991 46.514808720152359 169.24201778601855 54.100774661754258 2.4585574076045296 238.98221508041024 393.84659365890548 14.570125762431415 1149.0237949455623 401.01690267026424 10.945498138666151 12.14812920312397 3.3872000370174637 15.67904953175457 295.15974731219467
leaf_count=1197842 4250 334 192845 68 8674 9972 1639 262960 7508 196 6844 46914 6437 9527 649760 1453 2255 914 62506 798 12891 243 1139 105768 1641 6969 19845 294 317 528 542 3185 82311 5886 325 1259 12566 30139 308 1496 17783 4366 742 76319 19382 662 34 3789 3740 8760 656 195 42140 81830 2247 26610 19082 737 210 200 1856 14797
internal_value=1.03491e-09 -0.045082 -0.0558392 0.0527262 0.0638437 -0.0311374 0.0593742 -0.0657452 0.0531934 -0.0116365 0.0551327 -0.0451689 0.0281026 -0.0488779 -0.070005 -0.0500523 0.072034 0.0624594 -0.0201324 0.0639306 0.0477552 0.021012 0.0104753 -0.0642177 0.0185385 0.0397223 -0.0394359 -0.0507926 -0.0551882 0.0106586 5.00797e-05 0.0312533 -0.0448932 -0.0139802 0.0108254 -0.00579947 -0.0181898 -0.0111171 0.0411936 -0.0205132 -0.0579112 0.0309623 -0.00496899 -0.07376 -0.0325079 0.0302115 0.000677471 -0.0286321 -0.0110223 0.0229566 0.0280989 0.0527048 -0.0421299 -0.0488362 -0.0229215 0.0260178 0.0143648 0.00285521 -0.0308826 0.0208722 -0.073757 0.00663436
internal_weight=27923.3 15052.8 13699.8 12870.5 1352.96 3921.38 10134.3 9778.47 6809.68 1640.89 6511.62 2280.49 2736.13 1971.62 7806.85 1884.7 3324.66 3267.06 1236.77 1329.33 3244.57 1699.23 547.269 3072.09 385.355 1036.9 801.702 1893.99 1256.45 293.666 193.825 99.8411 602.576 57.7156 298.055 125.739 1180.78 590.477 1269.52 89.8713 1083 390.678 39.1318 4734.75 119.293 12.5115 351.726 81.6384 54.1316 172.316 195.543 56.5593 637.541 398.559 199.126 1151.96 404.115 340.394 34.2884 15.5353 18.7531 306.105
internal_count=3087485 2965450 2950546 122035 14904 503745 57702 2446801 53010 134461 33573 369284 64333 417112 2029689 322370 4692 7758 115183 3053 25815 50927 24074 755528 14570 13406 111742 407585 283321 12929 9216 3713 89650 7339 19437 10352 105211 42705 12924 9093 210628 5416 1050 1274161 20361 979 18973 9025 5236 9085 5101 851 124264 82124 22092 26853 19278 17834 2300 410 1890 15534
is_linear=0
shrinkage=0.05


Tree=4
num_leaves=63
num_cat=0
split_feature=4 0 1 1 0 3 0 0 1 1 2 1 3 2 0 2 0 2 2 1 1 2 2 0 0 3 0 2 3 2 1 2 1 0 0 3 2 1 3 1 1 3 1 1 2 0 3 2 0 0 0 3 0 1 0 0 2 1 1 2 2 3
split_gain=23931 6398.47 1133.21 694.517 409.351 359.693 264.002 236.731 165.472 109.909 105.117 88.0938 72.8419 67.771 67.2191 58.1129 56.9237 35.8436 33.7713 33.3089 33.2272 33.2091 30.6234 30.6069 26.2183 27.0647 26.8061 26.1371 21.6815 21.5132 20.742 20.2491 35.5842 22.2592 19.8194 21.9735 19.4222 19.3033 18.6144 18.3767 27.7965 18.1387 17.9227 17.8443 17.8126 27.388 21.7491 19.2374 17.5725 17.5296 17.3306 17.0757 20.8043 19.8667 17.0316 24.9858 17.0153 21.3996 37.8561 22.2891 22.3837 20.9858
threshold=1.0000000180025095e-35 0.99696221947669972 1.0000000180025095e-35 8.4591779709000026 0.99696221947669972 -1.0528512001499999 0.99659603834152222 0.99202126264572121 8.4591779709000026 6.5099203586500005 7.2120532989500008 6.375423908250001 0.54236027600000003 5.6761372089500011 0.99082851409912076 3.7487190961500008 0.98964038491249073 8.9321832657000027 3.4029409885500006 6.6788682937500008 6.0989725590000008 3.5901259184000005 6.2053434849000011 0.99390479922294572 0.99413067102432218 0.23694828150000002 0.99749696254730169 3.8414573669500003 1.3381136656000001 2.3110419512000004 8.8421487808000006 5.5187616348500006 4.7488431931000017 0.99220043420791615 0.99574175477027871 0.12721653280000003 3.6992740631500003 13.406540870650002 -0.61009746789999986 9.1746740341500015 9.5796356201000012 -0.78986746069999991 6.6206948757000008 10.916908264200002 5.1809973716500011 0.99210807681083668 -0.87749439474999991 3.9117113351500006 0.99557843804359425 0.99749696254730169 0.98834934830665566 -0.46492275599999994 0.99483138322830167 7.845610380200001 0.99120417237281766 0.99089291691780068 2.5733351707500005 3.5439828634000006 3.9056440592000006 2.0795034170500002 2.3790698051500003 -2.8053436279499997
decision_type=2 8 10 8 10 10 8 10 10 10 10 10 10 10 10 10 10 10 10 10 10 10 8 10 10 10 10 10 10 10 10 8 10 10 10 10 10 10 10 10 10 10 8 10 10 10 8 8 8 8 10 10 10 10 10 10 8 10 10 10 10 8
left_child=1 2 7 13 -3 11 8 16 -5 34 27 14 22 19 36 23 29 37 56 24 -6 -18 -8 -9 31 42 -27 -10 30 -1 -11 33 -33 54 35 -7 -4 -14 -29 -13 -41 -25 -26 -30 45 47 -46 -17 -37 -24 -34 52 -21 -53 55 -2 57 -16 -59 -60 -61 -58
right_child=3 4 5 6 20 9 12 15 10 28 -12 39 17 -15 18 44 21 -19 -20 51 -22 -23 49 41 25 26 -28 38 43 -31 -32 32 50 -35 -36 48 -38 -39 -40 40 -42 -43 -44 -45 46 -47 -48 -49 -50 -51 -52 53 -54 -55 -56 -57 61 58 59 60 -62 -63
leaf_value=-0.071350388856628047 0.018718874260965159 0.077910719134015816 -0.059761406238421036 0.010831982752997286 -0.0030428166260556043 -0.034602032378608025 0.055885828141799154 -0.055638509077581104 0.036446045621588173 -0.0039922488336971975 0.058285746322633183 -0.025014009571076353 0.047196183455547353 0.041211785265705736 -0.06824554667552396 0.06545570024307755 -0.062695016061240325 0.064808969463370447 -0.023789965732015795 0.026542128379452568 0.027745902535530043 -0.039350993827973857 0.065211020634489872 -0.048271889754462852 0.033664548233983904 -0.1036781310836596 0.040308773882532095 0.049756768793576413 0.03137141021351271 -0.059480742670115473 0.020202273141019241 -0.092823158378074977 -0.07064492078227462 -0.0028644471166468324 -0.0096761294287243602 -0.010625469148969117 -0.035609551169477054 0.066246733986439571 0.037768790808161382 0.045547840340350025 -0.087363101331929177 -0.029678604766729191 -0.10258601009867396 -0.094676286802224757 -0.068981051931060175 -0.037996588760130706 0.011299126037606621 -0.083232390463452474 -0.092261891616201921 0.074703094055318595 0.0033248397141705669 -0.0032943051524005787 0.043997980737494807 0.030838699695836354 0.044627510805935064 -0.098916152940714971 0.0028377094278440613 0.021898499715312408 -0.01191254758720988 -0.096190224790445325 -0.026282232775779305 -0.048711196828403427
leaf_weight=4475.9641428798204 79.619358258321881 963.56254577636719 788.57409892906435 271.36379880196182 137.47774073679466 376.51400327275041 329.14666997396853 1121.4081063191406 792.15569164999761 379.60886689284234 2499.9989691223018 435.83380171848694 770.45082893280778 675.184415658121 28.124673465557862 10.867492510355076 2536.7358335530153 822.34037141280714 282.03512551094173 925.72390818363056 241.67553606641013 162.08546313759871 667.70289318053983 351.37634673132561 210.32015654037241 7.5118382417713274 5.6739947074092925 1531.6840817222837 93.410110529570375 417.33563920704182 115.54810115293367 10.938336551073006 8.2915764134377223 96.248777660424821 210.82171991467476 179.76226043852512 93.064924279868137 160.70719268987887 410.62739261554088 19.879736198578033 4.9041933792759655 209.30307925166562 2.4416241382714352 2.8948462528642258 10.078331532655282 175.19805634632939 51.788175393303391 2.7197981098433948 6.8427639255532986 1791.2609143634327 176.01383975631325 90.328215071116574 209.27977010927862 80.730872080894187 76.463103338668589 4.7852732053434002 20.34913336543832 37.759806500165723 42.722954009659588 23.490194931742735 22.339992780354805 663.46437053795671
leaf_count=1255359 2687 334 168363 19182 7383 42518 1355 265447 8952 26517 6268 50580 3645 6947 1861 195 648784 1162 31988 19794 7187 31387 1376 74297 5739 913 126 9680 2671 94159 4393 1729 1084 3890 14059 17159 14541 317 4544 743 909 35901 222 281 2265 33437 4856 714 1150 1221 10548 3544 3210 1842 1614 444 2200 1321 2358 2654 2380 115099
internal_value=-1.84242e-10 -0.0434494 -0.0539116 0.0502488 0.0605929 -0.030935 0.0562629 -0.0631456 0.0489018 -0.0103517 0.0508754 -0.0423478 0.0651867 0.0275286 -0.0468841 -0.0475227 -0.0671228 0.057202 -0.0387563 0.0228729 0.0165822 -0.061293 0.0702085 -0.0508695 0.0138839 0.027793 -0.0417191 0.0441005 0.00587557 -0.0703381 0.0016537 0.00693658 -0.00520309 0.0161549 -0.022753 -0.0276487 -0.057212 0.0504841 0.0472224 -0.0226325 0.0192477 -0.041331 0.032101 0.0275825 -0.0250627 -0.032693 -0.00177888 0.0356925 -0.0136191 0.0721256 -2.92967e-06 0.0275413 0.0297608 0.0128147 0.0275344 0.0120496 -0.0437918 -0.028802 -0.0200195 -0.0378938 -0.0621135 -0.0471772
internal_weight=27402.5 14695.5 13352.8 12707 1342.72 3827.95 10047.4 9524.86 5505.83 1365.4 5234.47 2462.54 4541.61 2659.56 2001.93 1932.74 7592.12 1753.5 1120.29 1984.37 379.153 2698.82 2788.11 1682.09 678.308 225.948 13.1858 2734.47 591.462 4893.3 495.157 452.36 195.244 257.117 773.941 563.119 881.639 931.158 1942.31 460.618 24.7839 560.679 212.762 96.305 250.652 188.785 61.8665 13.5873 186.605 2458.96 184.305 1306.06 1135 171.059 160.868 84.4046 838.251 154.438 126.313 88.5531 45.8302 683.814
internal_count=3087485 2965450 2950546 122035 14904 503745 57702 2446801 48626 108748 29444 394997 9076 64333 342765 417112 2029689 5124 159861 57386 14570 680171 3952 375645 28996 7000 1039 23176 33862 1349518 30910 21996 13361 8635 74886 60827 182904 3962 14224 52232 1652 110198 5961 2952 41467 34346 7121 909 18309 2597 11632 28390 23004 5386 4745 3131 127873 10574 8713 7392 5034 117299
is_linear=0
shrinkage=0.05


Tree=5
num_leaves=63
num_cat=0
split_feature=4 0 1 1 0 3 0 0 1 1 1 2 2 2 3 2 0 1 1 1 0 0 1 2 0 3 3 3 0 3 3 1 1 0 2 2 2 1 3 0 0 3 2 2 0 2 1 2 2 3 1 2 2 3 3 2 1 2 0 3 3 3
split_gain=21681.9 5833.83 1014.51 583.339 397.521 308.103 201.773 199.625 147.616 120.05 116.923 70.0401 62.6437 61.2058 58.6059 51.7665 47.576 30.711 29.574 29.5485 28.3606 27.8474 27.0072 24.7761 24.4303 24.2371 23.1498 20.4598 20.0386 19.3053 18.7736 21.119 23.3015 18.5616 18.3269 17.9789 17.9151 17.6894 17.4344 17.3837 18.7303 17.3061 17.2613 17.123 16.7818 16.7229 16.9873 16.6505 30.9142 21.5626 16.1811 16.1071 21.5801 16.5367 15.2878 15.265 23.8316 19.1 14.5491 14.5408 14.4406 14.3078
threshold=1.0000000180025095e-35 0.99696221947669972 1.0000000180025095e-35 9.2959427833500019 0.99696221947669972 -1.4297347068499999 0.99696221947669972 0.99202126264572121 9.2959427833500019 6.5099203586500005 7.2836048603500005 1.6520034671000003 7.4548234939500011 6.5113930702500005 0.75774592160000009 3.8414573669500003 0.98975870013236966 6.3063683510000006 8.7311124801500011 6.0989725590000008 0.99069207906723022 0.99421235918998674 8.8421487808000006 3.5901259184000005 0.99428731203079224 1.2693654894500002 -0.89092493059999989 1.0001577735000002 0.98593878746032659 -2.8053436279499997 -0.17706392704999999 5.6355447769000007 5.551003456100001 0.99052506685256914 2.3110419512000004 1.70272654295 7.7688174248000008 4.9363191127500015 1.9670250415500001 0.98825642466545072 0.99463641643524159 -2.1802845000999995 8.9321832657000027 1.4387540817500002 0.98981776833534219 2.0795034170500002 12.385969162000002 2.48893892765 2.7745139599000006 -1.1294083595499997 3.3219287395500006 5.1809973716500011 3.9117113351500006 -0.87749439474999991 -2.1802845000999995 5.2212238311500005 5.5344171524500014 5.3295090198500015 0.99210807681083668 -2.8829165696999994 -0.91866838929999994 -2.2344179153499995
decision_type=2 8 10 8 10 10 8 10 10 10 10 10 10 10 10 10 10 10 10 10 10 10 10 10 10 10 10 10 10 8 8 10 8 10 10 10 10 10 10 10 10 10 8 8 10 10 8 8 8 10 10 10 10 8 8 8 10 8 10 10 10 8
left_child=1 2 7 10 -3 11 8 16 -5 21 30 18 45 28 42 26 34 20 24 -6 -13 55 25 -18 29 27 43 -11 -12 59 33 32 -32 -2 -1 -30 -16 54 -21 -19 -41 -39 -8 -9 -25 46 -10 49 -49 -23 -31 52 58 -53 61 56 -7 -57 -17 -4 -15 -26
right_child=3 4 5 6 19 9 14 15 12 22 13 17 -14 60 36 51 23 39 -20 38 -22 47 -24 44 37 -27 -28 -29 35 50 31 -33 -34 -35 -36 -37 -38 41 -40 40 -42 -43 -44 -45 -46 -47 -48 48 -50 -51 -52 53 -54 -55 -56 57 -58 -59 -60 -61 -62 -63
leaf_value=-0.068427623259429804 -0.098796575761231464 0.074620710326808837 -0.046489951270478377 0.012269029394863651 -0.004799027898163776 -0.063541191180695969 0.062263707076840508 0.043320562327697792 0.032852735024349315 -0.0047624369865350048 -0.097423512524968739 -0.051519392709388059 0.056032623556389966 0.05422495452558284 0.048181643022649309 0.069824178355466324 -0.060292913335144339 -0.064392367175456877 0.02301492360162901 0.01442308056253302 -0.029812290264799004 -0.10003215007535085 0.02124198653581566 0.040450464605117836 -0.055965667748365235 0.024783520345608389 -0.03800652827278049 -0.060291787092059082 0.023671322799525218 -0.036553617445771756 0.00054893526762957742 0.018161224280641115 -0.099017674247968979 0.026887877656714229 -0.057582746123271966 0.035821987462714616 0.060019978438825873 -0.067390516330150016 0.042331638243608305 -0.0094177452387233587 -0.085355425674812344 0.010944118319948425 0.071076333748979703 -0.052852612760904506 -0.043041896296581839 0.045779698097571611 -0.10497786384227975 -0.096052960867725468 -0.018710841715365537 0.013178843859894538 -0.055505722625196964 -0.064403732164689809 -0.039578404672604456 0.0085262858605480961 -0.078220951938364161 0.055899819411647893 -0.022143067357504317 -0.029611305502868314 -0.014826988936569705 0.027222038221630707 0.038357402994942641 0.069584467070483214
leaf_weight=4503.8178773925174 2.9529743334278455 960.26445150375366 13.693346281186679 267.38897930213716 134.06004343292443 91.227353259979282 824.26006051362492 4.6444649556651711 227.87472679710481 388.13296767967404 2.9296543697128063 227.03265689883847 2399.0594821297564 551.99969795974903 536.89287298847921 7.4846863187849548 2326.9882274837 17.317750935384538 13.762769365916027 155.95900757494383 446.19778455822961 4.5057863538386291 160.98960611602524 6.2715464613866052 5.1146452219691128 69.695554224657826 346.75805831246544 17.328700680285692 378.61211627069861 126.5354749757098 124.21202783402987 565.61533077189233 6.1679838123964137 564.36897241527913 426.45163681148551 1554.0481132825371 789.54358910070732 8.6859368191799131 87.273619628860615 210.20808612415567 8.4465441784122941 37.450897268485278 1705.1023189565167 1322.0967774274759 149.1269695952069 1880.9079387933016 2.2576399345416567 13.279954706958959 476.77874032227555 63.204986760974862 1024.422417129972 9.1188539518043381 140.61277878342662 52.654804048361257 19.902054561651315 6.7333815140882507 56.168309071625117 216.45418592373608 15.771834533195941 13.082216202048583 193.70018420426641 4.078969312598927
leaf_count=1293117 265 334 1497 19328 7383 13983 1606 486 2726 28811 208 43171 5382 2043 2070 90 608374 2839 853 5932 53486 395 5925 637 914 2120 65929 1797 9268 20411 7604 19383 810 14807 98217 20025 1307 1840 1255 19784 1787 2999 1221 312835 29344 12275 117 1545 43177 2338 215313 2265 28154 4856 3598 329 6308 27733 2497 652 1590 140
internal_value=1.33236e-09 -0.0419154 -0.0521068 0.0479535 0.0575348 -0.0301125 0.055232 -0.0609417 0.0483649 -0.0131889 0.0320236 -0.0422805 0.0505049 0.0379325 0.0637405 -0.0464783 -0.0646472 -0.0316921 -0.0498805 0.0140487 -0.0371325 -0.0246542 0.0035429 -0.0590021 -0.0506812 -0.00245379 -0.0495095 -0.00713566 0.0332436 -0.0524457 0.0194826 0.0139796 -0.00416134 0.0262337 -0.0674896 0.0334416 0.0552283 -0.0230572 0.0244369 -0.0161704 -0.0123512 -0.00380353 0.0682045 -0.0525159 -0.0396723 0.0442231 0.0315006 -0.0175956 -0.0208067 0.00564526 -0.0534221 -0.0239972 -0.0321992 -0.00223944 -0.0535877 -0.0352783 -0.0477655 -0.0270315 0.0124164 -0.0104752 0.0501033 -0.000262316
internal_weight=26967.7 14389.8 13052.2 12577.9 1337.56 3740.43 8633.29 9311.8 4777.49 1564.5 3944.61 2175.93 4510.1 2681.29 3855.8 1899.14 7412.66 909.203 1266.73 377.293 673.23 928.353 636.147 2482.39 1252.97 475.157 1673.5 405.462 1935.59 1177.73 1263.32 695.995 130.38 567.322 4930.27 1932.66 1326.44 75.2325 243.233 235.972 218.655 46.1368 2529.36 1326.74 155.399 2111.04 230.132 557.769 490.059 67.7108 1150.96 225.643 163.869 61.7737 29.0957 370.583 147.396 223.188 23.2565 26.7756 745.7 9.19361
internal_count=3087485 2965450 2950546 122035 14904 503745 46032 2446801 39828 134461 76003 369284 20500 33134 6204 417112 2029689 121067 248217 14570 96657 95808 38653 638355 247364 32728 379250 30608 29501 237873 42869 27797 8414 15072 1391334 29293 3377 9491 7187 24410 21571 4839 2827 313321 29981 15118 2843 47455 44722 2733 235724 37862 30741 7121 4652 48353 20291 28062 2587 2149 3633 1054
is_linear=0
shrinkage=0.05


Tree=6
num_leaves=63
num_cat=0
split_feature=4 0 1 1 0 3 0 0 2 1 1 3 1 0 2 2 0 2 3 3 2 1 0 3 1 2 0 3 2 2 2 2 0 1 3 1 3 0 2 2 0 3 1 2 0 0 0 2 2 1 1 2 1 3 2 3 0 2 3 3 1 0
split_gain=19653.7 5386.29 921.086 553.439 373.02 280.546 236.431 173.506 152.692 88.1174 72.6968 71.1466 67.5742 63.0168 60.5011 47.2144 41.3438 28.7427 31.0057 26.6389 23.9322 23.928 23.4155 23.234 21.7871 23.5378 21.5994 20.3516 19.035 18.5472 22.3693 18.1313 20.7293 18.1296 18.0407 17.9357 17.3377 16.9008 16.0756 15.769 15.5723 19.4693 17.4416 15.2407 15.0351 21.4241 14.9613 19.6892 18.4487 14.9468 14.9054 17.0485 15.3033 14.8203 14.5519 21.0013 16.5778 14.447 16.5821 14.2003 14.291 25.5069
threshold=1.0000000180025095e-35 0.99696221947669972 1.0000000180025095e-35 8.4591779709000026 0.99696221947669972 -1.0528512001499999 0.99749696254730169 0.99202126264572121 5.7995538711500005 6.1652591228500011 8.4591779709000026 1.0939804315500001 6.4836039543500013 0.99082851409912076 4.8850574493500014 3.7487190961500008 0.98975870013236966 7.7688174248000008 1.2693654894500002 1.3381136656000001 3.5901259184000005 5.0591485500500015 0.99390479922294572 2.2426726818000007 6.5099203586500005 2.6628723144500004 0.98981776833534219 0.95566946265000008 3.6992740631500003 3.7100044489000004 2.5733351707500005 2.6520700455000004 0.99220043420791615 6.0789875984000012 -0.70959281919999995 7.1775269508500008 1.5150524377500003 0.99011865258216869 7.2120532989500008 2.3110419512000004 0.99428731203079224 -2.8053436279499997 5.8841578960500014 4.4905934334000008 0.9947320520877837 0.99454283714294378 0.99210807681083668 5.1809973716500011 3.9117113351500006 5.9667441845000004 6.0989725590000008 3.4343235492500006 5.9667441845000004 -2.2793265581499997 2.3790698051500003 -0.8179420530499999 0.99633049964904774 2.5595303774000002 -2.4074096679499997 -2.3411744832999992 3.6188410520500001 0.99242612719535772
decision_type=2 8 10 8 10 10 8 10 10 10 10 10 10 10 10 10 10 10 10 10 10 8 10 10 10 8 10 10 10 10 8 8 10 10 10 10 8 10 8 10 10 8 10 10 10 10 10 10 8 10 10 10 8 10 8 10 8 10 8 8 10 10
left_child=1 2 7 14 -3 12 8 16 10 33 -5 38 13 28 24 22 39 18 -10 -6 -18 -21 -9 -12 25 -2 -22 31 -4 30 57 32 -11 54 35 -16 -20 43 -8 -1 41 -32 -43 49 45 -33 48 -48 -17 -27 51 52 -44 -54 55 -7 -57 58 -15 -60 -61 -62
right_child=3 4 5 6 19 9 11 15 17 27 23 -13 -14 29 34 46 20 -19 36 21 26 -23 -24 -25 -26 37 -28 -29 -30 -31 40 44 -34 -35 -36 -37 -38 -39 -40 -41 -42 42 50 -45 -46 -47 47 -49 -50 -51 -52 -53 53 -55 -56 56 -58 -59 59 60 61 -63
leaf_value=-0.066045190293216871 0.044924598516074637 0.071881618606010403 -0.056211722935177157 0.0099478429210358502 -0.0014991563595349107 -0.09889229403633891 0.057242541134136349 -0.05269159831378744 0.046650077434424952 0.034457120829697416 0.038523834878745757 0.050495295664907319 -0.02095301009846804 -0.095401434677960362 0.026043421431010901 0.056664099066445074 -0.058446055242190334 0.054199679917067624 -0.10677407316708012 -0.097657976323595408 0.036015427669224387 0.027787467046885967 -0.039944193549661625 -0.10338042305934599 0.022905389429746022 -0.0083439898242755241 -0.042781338673516522 0.017361855985514041 -0.032042046899815484 -0.022716423501650197 -0.0058293783995965638 -0.0065283688602010698 -0.0709986417187881 -0.078136899663140066 0.022354166291106082 0.043161844717878428 0.0093230434641986531 0.011041505628513755 0.068443966991145425 -0.055887450635071112 -0.026899771547900537 -0.051377862606626426 -0.080413176430940869 0.054756811138868516 0.0078131349450141791 -0.076490486168632882 -0.036705437981126784 -0.0034385487241954966 -0.078957188443833926 -0.062579075676175586 -0.046694831903503771 0.060219764714979224 -0.045976089908667042 0.040262364065192319 -0.024837970835517136 0.016348824853895449 -0.10230824819744871 0.052085010189996374 0.057862742223067476 -0.059986813432474806 0.006001216937666809 -0.043689833333188349
leaf_weight=4394.7160165575333 44.748127218685113 955.97855114936829 760.50567292550113 253.08544695045566 172.95721891475841 4.8422741389367721 382.87736235465854 1081.3918380122632 1502.5725010620663 6.2232856971677419 2079.6050596703426 967.36073421197943 404.22352064380539 7.7620905452640727 212.46530660690041 10.822646910673937 2274.8563866682816 2751.7358480973635 3.6747037706663832 3.8769982175435871 9.257436453830449 194.77470496110618 540.20767194777727 2.8885212871246031 1077.5292621587578 46.657994231034536 143.63827101723291 167.89149646263104 91.233478243346326 225.41718745825347 28.903231795178726 200.93417953466997 18.550814777729101 14.923366846167481 228.74943995312788 546.8384830688592 25.750002913642678 387.97927247997723 1959.8659887695685 418.45725824253168 132.50267013121629 488.78175508778077 7.8533163082320243 6.9667999126249915 246.31691484991461 11.572750313440336 167.2235349775292 60.594590868800879 3.2637550632935008 17.456478006613906 40.201488029793836 8.3439937938237545 8.9816996117588186 11.186982361366971 574.01140358007979 52.394438047893345 3.1188201890327027 6.4632592967245719 5.5788255537627265 22.299342276295647 58.580391605850309 46.186265553347766
leaf_count=1293117 601 334 170254 18908 9274 502 845 265447 8527 201 19228 2400 46788 898 4227 195 608374 5874 130 432 637 4864 110198 59 26853 3620 29344 7146 14917 25477 2133 16371 1438 2257 4818 4361 284 18022 1447 98217 16286 96418 1848 145 15294 1485 33437 6970 865 1686 7106 341 1968 750 61472 2334 248 279 125 1835 3366 4208
internal_value=-5.93188e-10 -0.0404924 -0.0504647 0.0456403 0.0553573 -0.0292651 0.0509924 -0.0589772 0.0455364 -0.0106282 0.0352518 0.0619029 -0.0395592 -0.0434146 0.0249571 -0.0453711 -0.0624788 0.0511437 0.0456547 0.0128479 -0.0571591 0.0253392 -0.048445 0.038327 0.0188923 0.0103093 -0.0380104 0.00236349 -0.0536228 -0.0355035 -0.0388029 -0.00284351 -0.044508 -0.0236638 0.0346635 0.0383718 -0.00517574 0.0069351 0.0666133 -0.0651621 -0.0423996 -0.0458556 -0.0479019 -0.0154787 -0.000593845 -0.0103384 -0.0247652 -0.0278572 0.0252413 -0.0231106 -0.0257128 -0.0025179 -0.021199 0.00185788 -0.0223824 0.000971624 0.00968249 -0.0210053 -0.0243698 -0.0202132 -0.0236411 -0.015905
internal_weight=26586.6 14087.8 12760.2 12498.8 1327.59 3655.78 9929.42 9104.43 6619.31 1300.78 2335.58 3310.1 2355.01 1950.78 2569.39 1863.5 7240.93 4283.73 1532 371.609 2427.75 198.652 1621.6 2082.49 1581.34 503.809 152.896 651.489 851.739 1099.04 873.625 483.598 24.7741 649.29 988.053 759.304 29.4247 459.061 2342.74 4813.17 726.755 594.252 565.349 71.0813 458.824 212.507 241.905 227.818 14.0864 64.1145 76.5675 36.366 28.022 20.1687 634.367 60.3555 55.5133 146.87 140.407 132.645 127.066 104.767
internal_count=3087485 2965450 2950546 122035 14904 503745 57702 2446801 53010 108748 38195 4692 394997 348209 64333 417112 2029689 14815 8941 14570 638355 5296 375645 19287 50927 24074 29981 41935 185171 163038 137561 34789 1639 66813 13406 8588 414 23473 2292 1391334 126850 110564 108431 5451 33150 17856 41467 40407 1060 5306 12013 4907 4566 2718 64556 3084 2582 10711 10432 9534 9409 7574
is_linear=0
shrinkage=0.05


Tree=7
num_leaves=63
num_cat=0
split_feature=4 0 1 1 0 3 0 0 1 1 3 2 2 3 1 2 2 2 0 0 2 1 0 1 1 2 0 2 2 1 0 3 3 0 1 2 2 0 2 3 1 3 0 0 0 2 2 2 2 1 1 2 1 1 1 2 1 2 1 1 2 1
split_gain=17936.3 5000.14 834.897 502.073 354.801 258.667 233.155 153.518 109.374 98.3253 69.1652 63.4716 53.9488 51.6563 51.7566 45.6336 39.1655 32.6389 29.0951 26.3793 24.5178 24.4859 23.3924 22.5918 21.979 26.963 19.4906 18.4567 18.1325 21.1013 17.7545 17.4318 16.8905 16.6491 19.8445 18.1606 16.1092 18.2424 18.3919 17.4879 15.5609 23.4605 19.96 18.3927 20.0453 16.7574 17.7195 15.1569 18.7188 17.4267 19.3787 14.9339 14.7938 14.5502 28.8039 14.5407 27.3546 14.2889 25.1226 21.5061 14.1418 14.0656
threshold=1.0000000180025095e-35 0.99696221947669972 1.0000000180025095e-35 8.4591779709000026 0.99696221947669972 -1.4297347068499999 0.99659603834152222 0.99202126264572121 8.4591779709000026 7.4557628631500004 0.19018302855000002 6.8185496330500008 5.0394237041500007 -1.6888221502499998 6.375423908250001 3.7487190961500008 1.6520034671000003 7.7688174248000008 0.99131467938423168 0.98981776833534219 6.3921122551000016 8.8421487808000006 0.99146187305450417 6.7650179863000011 5.6880013943000014 3.9833949804500004 0.99390479922294572 5.1809973716500011 3.7736939192000007 6.735759496700001 0.99557843804359425 0.28585800530000005 1.7673547267500003 0.9916553795337677 3.7947596311500003 5.146647691750001 3.3897666931500008 0.98847109079360918 2.3946442604500002 -0.37245029209999997 5.3599901199500009 -2.1550192832999997 0.99413067102432218 0.99257323145866372 0.99150127172470059 4.5980322361000008 4.7693819999500011 2.5733351707500005 1.9835048914000002 3.6882588863500003 3.8688482046500003 3.1638531685000006 2.8888735771500005 3.2849408388000003 3.4916312694500005 6.9871268272500009 4.7049548626000002 3.1739774942500003 8.0993642807000015 7.9674963951000004 2.5046740770000002 10.916908264200002
decision_type=2 8 10 8 10 10 8 10 10 10 10 10 10 8 10 10 10 10 10 10 8 10 10 10 10 8 10 10 8 8 10 10 10 10 8 8 10 10 10 8 10 10 10 10 10 8 10 8 10 10 10 10 8 10 10 10 10 10 10 10 10 8
left_child=1 2 7 12 -3 13 8 16 36 18 20 -10 23 47 22 26 19 61 -7 -1 -8 27 -15 28 53 -26 -9 -6 30 40 -2 -29 -19 34 52 -35 37 -5 -39 -38 42 -42 43 44 -30 -43 -47 48 -4 -49 -51 -40 -24 -20 -55 56 -14 58 60 -59 -16 -12
right_child=3 4 5 6 21 9 10 15 11 -11 17 -13 55 14 57 -17 -18 32 24 -21 -22 -23 33 -25 25 -27 -28 31 29 -31 -32 -33 -34 35 -36 -37 39 38 51 -41 41 45 -44 -45 -46 46 -48 49 -50 50 -52 -53 -54 54 -56 -57 -58 59 -60 -61 -62 -63
leaf_value=-0.064138048121599678 0.015184278419344603 0.069565866467187973 -0.061424285108000382 -0.089710042313494304 -0.003189363548637845 -0.056485097456832591 0.049257284656275144 -0.051246629808787671 0.037354759196811652 0.0092228605486310272 0.035993395391976817 0.04848510527885367 -0.10708928102630107 -0.052800573850111381 -0.037574934646516588 -0.023827041248242888 -0.050825950720874716 0.058774839924067214 -0.0022551204407442417 -0.057056386649881323 0.06507684960996156 0.034834816164143002 -0.10350912493407682 0.022944549528164205 0.0053931755988214361 -0.019507910638992172 -0.039502021412359319 -0.089328617814933911 -0.048638464940415627 -0.10678925450484003 0.050523357084247836 0.030957792506344419 0.044812107580596949 -0.03143580991862608 -0.041655545483972156 -0.053601968570455398 -0.017706116186307335 0.0086096919752146808 -0.1035721366720776 0.036798298200635418 0.018882385363342705 -0.052308637190957498 0.016341898644218426 -0.096104977296987096 0.019103566443765752 0.0081954407006230509 -0.10199413283937564 -0.056317718949355666 0.011646793819493753 0.016414321050056382 -0.027999752227647765 -0.0030915992642818382 0.025183040513050071 -0.094332023996482939 -0.025383869521609342 0.044163175263666601 0.030499276216653316 -0.0029481661357626016 0.0067187655729555248 -0.059804264103119537 -0.08646570988169916 0.048734054877099704
leaf_weight=4265.8721262972103 170.58638808922842 950.05731129646301 10.676707969862035 5.5148027809918849 205.97550576354843 52.790380613994785 278.59823392378166 1057.2873706403188 2411.7278800270287 377.68499578814954 374.30609747185372 2731.6127276858315 3.632166560040786 915.94376456754981 122.10116527962964 237.58102450851584 906.7867674222216 1020.1310956745874 64.587932414491661 1901.0455207977211 2026.4029860070441 87.365754656377248 2.4315044016111642 1002.0730185969733 172.61100637994241 293.65422718413174 530.50246410764521 3.1449553380953139 24.603787019790616 4.206897596595808 44.895839740522206 71.220062137348577 274.97241184697486 181.35777101275744 32.86163612670498 188.39096579235047 18.377807114855386 136.70794104775996 6.9311186950071697 73.878174510900863 235.72069677476247 19.920133528416045 35.597832116414793 9.2480001027579402 19.635564186261036 54.416411001351662 3.9106773079838595 49.21916293061804 48.93572084850166 26.694304533069953 307.13225564255845 7.9270624954951927 27.373988442937847 15.591845973394809 531.71701723395381 236.9853977666935 666.5139872180298 103.25868793905829 30.347366859961767 19.825501158018596 16.829362069547642 514.24652388854884
leaf_count=1288628 5273 334 879 1460 10220 9972 1071 265447 21810 19278 2358 7634 234 203190 19710 41467 213670 1396 3194 527391 1949 1641 167 23715 10895 30659 110198 466 3061 372 533 2243 649 23339 6135 42719 1328 12074 697 3137 10800 1565 1198 1261 1035 3095 418 6210 2884 2208 41464 486 1131 1837 58626 1634 10139 11067 2465 3090 2626 1653
internal_value=9.43668e-10 -0.0392073 -0.0489797 0.0436152 0.0534253 -0.0286332 0.0487054 -0.0571923 0.0416982 -0.0128657 0.0571237 0.0432661 0.0237501 -0.0400509 -0.0441404 -0.0442645 -0.0605284 0.050747 -0.0202423 -0.061955 0.0631648 0.0117222 -0.0482756 0.0182967 -0.0184677 -0.0102895 -0.0473226 0.00451933 0.0108178 0.00461179 0.0225472 0.0258708 0.0558103 -0.0386906 -0.0148593 -0.0427297 0.00935719 -0.000382593 0.00286763 0.0259408 0.00577455 0.0110077 -0.012669 -0.0319769 -0.0185713 -0.0127148 0.000807521 -0.0248933 -0.00144039 -0.0285432 -0.0244482 -0.0499643 0.0146845 -0.0246994 -0.0273481 0.033518 0.0297536 -0.0250692 -0.0344948 -0.0121061 -0.0434973 0.043367
internal_weight=26222.1 13808.9 12491.1 12413.3 1317.76 3592.02 9881.33 8899.08 5392.68 1508.64 4488.66 5143.34 2531.95 2083.38 1640.72 1825.37 7073.7 2183.66 1130.95 6166.92 2305 367.706 1348.36 1624.82 1078.16 466.265 1587.79 280.341 622.742 407.26 215.482 74.365 1295.1 432.416 62.6671 369.749 249.337 157.081 151.566 92.256 403.053 313.968 89.0852 53.4874 44.2394 78.2472 58.3271 442.658 59.6124 383.046 333.827 14.8582 29.8055 611.897 547.309 907.132 670.146 292.362 169.278 123.084 138.931 888.553
internal_count=3087485 2965450 2950546 122035 14904 503745 57702 2446801 48626 134461 9076 29444 64333 369284 315639 417112 2029689 6056 115183 1816019 3020 14570 276681 52326 105211 41554 375645 12929 28611 22805 5806 2709 2045 73491 7433 66058 19182 14717 13257 4465 22433 15878 6555 5357 4096 5078 3513 53645 3763 49882 43672 1183 1298 63657 60463 12007 10373 38958 24801 14157 22336 4011
is_linear=0
shrinkage=0.05


Tree=8
num_leaves=63
num_cat=0
split_feature=4 0 1 1 0 3 0 0 1 2 1 3 1 0 2 1 2 0 2 2 3 1 0 3 2 3 1 1 0 0 3 3 1 2 2 3 0 0 0 3 0 0 2 0 3 2 2 2 1 2 2 0 3 2 1 1 0 1 3 1 2 2
split_gain=16490.4 4673.22 761.232 467.803 339.795 231.679 174.373 133.363 119.049 115.043 73.0516 60.6087 55.9076 52.9232 38.5221 37.5225 36.9519 33.7433 26.5934 24.1942 23.2078 20.6283 24.6495 24.3409 18.734 30.7835 17.8251 22.7349 17.5745 16.7359 16.5148 17.8095 16.5968 16.4137 20.995 16.3066 16.2977 16.0168 15.7925 15.5185 15.3686 19.7422 15.0775 15.0505 16.8173 14.7767 14.7758 19.5802 14.7175 15.4258 14.5673 18.4386 41.9463 16.6832 31.7991 15.2639 14.919 14.5584 14.3175 16.5492 13.9457 17.1908
threshold=1.0000000180025095e-35 0.99696221947669972 1.0000000180025095e-35 9.5796356201000012 0.99696221947669972 -1.0528512001499999 0.99749696254730169 0.99202126264572121 9.5796356201000012 6.8185496330500008 6.5099203586500005 0.91515421870000013 6.8896524906000005 0.99030202627181974 3.8414573669500003 7.6502346992500012 5.7995538711500005 0.98943290114402771 1.6520034671000003 1.6520034671000003 1.3381136656000001 3.6188410520500001 0.99309298396110524 -2.1295086145499993 3.8968374729500006 -0.74315482379999986 3.9056440592000006 4.6724624634000005 0.99483138322830167 0.99428731203079224 -1.7212764620999998 -2.2344179153499995 2.8888735771500005 2.0342020988500003 2.4580522776000007 0.26223824920000005 0.99320301413536072 0.99517691135406461 0.99383294582366921 -0.89092493059999989 0.99229100346565213 0.99106058478355374 4.5098071098000005 0.99574175477027871 0.12721653280000003 3.9546886682500006 3.5325965881500005 3.5797259808000006 5.7851092815500005 3.7232221365000004 2.2583487034000007 0.99257323145866372 -1.2125289439999998 3.2609251737500005 4.7488431931000017 6.8266420364500009 0.98767706751823414 8.6349406242500013 1.3381136656000001 8.0259971618500021 4.0117690563000012 4.2244176864500007
decision_type=2 8 10 8 10 10 8 10 10 10 10 10 10 10 10 10 10 10 10 10 10 10 10 10 10 10 10 10 10 10 8 10 10 10 10 10 10 10 8 10 10 10 10 10 10 10 8 8 8 8 8 10 8 10 10 8 10 10 10 10 8 8
left_child=1 2 7 9 -3 13 8 17 -5 12 43 -8 36 15 39 42 -10 -1 29 -19 -6 22 -20 -24 46 -26 40 28 -28 -15 31 -31 -32 38 -35 37 50 -18 -29 -9 41 -23 -4 44 -7 -27 -14 -48 49 -22 -2 53 -53 54 -52 -55 -56 58 60 -60 -12 -62
right_child=3 4 5 6 20 10 11 14 16 -11 57 -13 24 18 -16 -17 35 19 21 -21 48 26 23 -25 25 45 27 33 -30 30 32 -33 -34 34 -36 -37 -38 -39 -40 -41 -42 -43 -44 -45 -46 -47 47 -49 -50 -51 51 52 -54 55 56 -57 -58 -59 59 -61 61 -63
leaf_value=-0.061656094903666664 0.058583278204576983 0.067595776119006468 -0.05208784245788152 0.010482346020403811 -0.0027956025922973547 -0.032289888135927092 0.063155515960461373 -0.048740772729512175 0.037294251510534671 0.044694032220952758 0.0071119506571365072 0.048228830042198363 0.03025346442759019 -0.042073106992851508 -0.023649554752664014 -0.0022759422966099467 0.045642429740327124 -0.056629926438895563 -0.087909357083201009 -0.044029957387737038 0.023811860923088419 -0.080313576172169762 0.024930376899479835 -0.087235151795279492 0.035563545707691276 -0.11547737181299984 -0.052544141743700971 0.028443933505156713 -0.0020096818410171302 -0.066190649163415327 0.047293422163290917 0.012895052616004855 -0.044994761861414309 -0.068211055705490714 -0.020457297805278572 0.040418901111143997 0.02036167265083616 0.053152894498349312 -0.1007511902836684 -0.036402013723797824 -0.028989236719831026 0.033538078693884463 -0.020850801271631983 -0.0094689197164834742 -0.013149362210115909 0.019955789288314606 -0.061233275995203729 0.018943392773469996 0.025821942190028466 -0.094543524022060496 -0.088214672398981384 0.014007424659570642 -0.079723388607331358 0.02248313046987567 -0.090032591945449103 -0.10137145095873429 0.0056786494847969916 0.015031425804199637 0.03141714139552567 -0.050104337553536896 -0.089042272690337348 -0.011510819959021566
leaf_weight=4190.7141159535968 13.032110023603307 942.35677027702332 731.55749166791793 264.23855035720044 168.98737537232228 350.43573001748882 2080.6777005163021 1253.7383369823219 1171.8716113357805 875.77417943929322 119.6551823343616 1010.2622114170808 402.55166139570065 613.43793464242481 214.58204627560917 42.674848329625092 1505.1805444065249 2245.1487010424025 27.491281312890351 458.85478015779518 5.6704075974412262 4.2663552283775052 13.298012486426162 7.6017412238288662 1166.9718081401079 2.0247156640980384 107.04075223207474 25.429609025479298 20.499585146317258 8.5353783386526612 5.2831902054604134 42.887048941571265 62.531352304038592 24.298639272106811 436.21576049132273 651.99710399564356 415.27456427086145 1343.4930206348654 2.6079532053554422 319.83555696276017 24.622380221262574 35.414079343201593 40.78403128660284 186.46348003967432 170.64016479317797 381.88386364898179 7.7110860862303525 610.07669223463745 185.23842000693548 5.3510105001041648 9.8871694791596365 29.656057929620147 19.976690720126498 162.55268200073624 4.1589109717169768 2.5262649760115883 193.716586501454 164.77186241623713 48.160617091460153 7.1497065987787201 7.4037293487926945 208.28079112182604
leaf_count=1274161 82 334 165254 19437 9274 42518 1764 313321 8870 4081 6215 2224 5466 118388 37862 3797 4752 649760 4094 105768 204 801 662 1106 12397 123 17001 907 1681 1723 126 3477 8319 3132 54615 2927 13567 2729 246 65929 2282 1381 6005 14059 18309 6990 344 15400 4415 677 1570 1016 2059 4938 621 174 10504 6667 1270 401 1084 18225
internal_value=-6.1712e-10 -0.0381122 -0.0477238 0.0418365 0.0517276 -0.0281796 0.0489638 -0.0556906 0.0431329 0.0285236 -0.0110052 0.0582768 0.0243851 -0.0377078 -0.0435228 -0.0479165 0.0449793 -0.0588464 -0.0320147 -0.0544918 0.010787 -0.025252 -0.0567947 -0.0158669 0.0280614 0.0315232 -0.0230086 -0.0256232 -0.0444217 -0.0387415 -0.0216011 -0.000232029 -0.0378049 -0.0207156 -0.022977 0.0475519 0.0132748 0.0491845 0.0164267 -0.0462329 0.00204174 0.021297 -0.0504383 -0.0216595 -0.0260218 0.0192415 0.0227996 0.0179426 0.0224821 -0.0336509 0.00651719 0.0049111 -0.0237183 0.00872226 -0.000705528 0.0205877 0.00366701 0.00256714 -0.00269015 0.0208792 -0.00657765 -0.0141722
internal_weight=25855.4 13529.9 12222.3 12325.5 1307.6 3539.44 8027.72 8682.87 4936.78 4297.78 1262.96 3090.94 3422 2276.48 1788.16 815.016 4672.54 6894.72 1461.46 2704 365.247 728.786 48.391 20.8998 2571.22 1550.88 680.395 616.092 127.54 732.675 119.237 51.4224 67.8145 488.552 460.514 3500.67 850.781 2848.67 28.0376 1573.57 64.3028 39.6804 772.342 707.539 521.076 383.909 1020.34 617.788 196.26 11.0214 435.506 422.474 49.6327 372.842 207.763 165.079 197.875 555.422 390.65 55.3103 335.34 215.685
internal_count=3087485 2965450 2950546 122035 14904 503745 42703 2446801 38715 79332 108748 3988 75251 394997 417112 175056 19278 2029689 219941 755528 14570 87908 5862 1768 40720 19510 82046 77582 18682 132033 13645 5200 8445 58900 57747 10408 34531 7481 1153 379250 4464 2182 171259 74886 60827 7113 21210 15744 5296 881 20964 20882 3075 17807 12695 5112 11125 33862 27195 1671 25524 19309
is_linear=0
shrinkage=0.05


Tree=9
num_leaves=63
num_cat=0
split_feature=4 0 1 1 0 3 0 0 2 1 2 3 1 2 2 0 1 0 1 0 3 1 1 3 2 2 2 2 0 0 0 0 0 3 3 1 0 2 0 3 1 3 3 0 0 1 3 3 1 0 2 0 2 3 0 3 2 1 0 0 0 0
split_gain=15285.5 4375.61 717.041 434.506 326.613 213.905 203.417 122.777 99.1853 83.0469 70.3035 66.3706 49.1744 45.4513 33.2107 30.2861 23.2794 22.9023 24.3365 22.205 21.5582 21.2999 20.4111 20.3 20.0836 19.6821 19.5287 18.0299 16.7446 16.6065 16.0415 15.5507 15.0548 15.7253 15.0526 14.2218 14.1774 15.721 19.0241 14.3272 14.0507 14.3025 13.8336 13.6637 17.2451 13.6552 13.597 13.5516 17.5634 16.9494 14.8381 29.2027 14.5964 21.939 14.4451 13.2389 13.112 12.743 12.3189 14.4529 15.2199 25.7538
threshold=1.0000000180025095e-35 0.99696221947669972 1.0000000180025095e-35 8.8421487808000006 0.99696221947669972 -1.4297347068499999 0.99696221947669972 0.99202126264572121 5.7995538711500005 7.4557628631500004 4.8850574493500014 0.54236027600000003 8.8421487808000006 1.6520034671000003 4.9735651016500011 0.98975870013236966 7.2108395099500013 0.99428731203079224 8.1675949096500009 0.99483138322830167 1.3381136656000001 6.3063683510000006 6.4836039543500013 -0.24762415889999997 4.0117690563000012 8.9321832657000027 3.5901259184000005 4.0744693279000002 0.98981776833534219 0.99749696254730169 0.98847109079360918 0.99069207906723022 0.99390479922294572 -1.7212764620999998 1.9670250415500001 3.9614530802000005 0.99390479922294572 3.6460788250000005 0.99210807681083668 -3.0573956966499996 3.6882588863500003 -1.7212764620999998 -2.8053436279499997 0.99436628818511918 0.99337649345397916 2.2447462082000005 -1.9567081927999996 0.12721653280000003 5.5688121319000006 0.99135127663612366 4.5306618213500007 0.99153894186019864 5.2212238311500005 1.0001577735000002 0.99463641643524159 -1.8391146063999997 4.0910632610500004 3.3219287395500006 0.98825642466545072 0.99390479922294572 0.99276977777481068 0.99086028337478615
decision_type=2 8 10 8 10 10 8 10 10 10 10 10 10 10 10 10 10 10 10 10 10 10 10 10 8 10 10 8 10 8 10 10 10 10 10 10 10 10 10 8 10 8 8 10 10 10 8 10 10 10 8 10 8 8 8 10 8 10 10 10 10 10
left_child=1 2 7 10 -3 13 8 15 12 19 22 29 -5 17 36 -1 -12 18 42 47 -6 31 27 -18 -21 -13 -17 -2 -28 -8 -29 -15 33 -10 -27 -32 37 -9 -39 -38 -19 -42 -4 44 -25 -26 -24 48 56 -50 -51 -52 -49 54 -54 -34 -7 -44 -23 60 61 -60
right_child=3 4 5 6 20 9 11 14 32 -11 16 25 -14 21 -16 26 23 40 -20 24 -22 58 46 43 45 34 28 30 -30 -31 35 -33 55 -35 -36 -37 39 38 -40 -41 41 -43 57 -45 -46 -47 -48 52 49 50 51 -53 53 -55 -56 -57 -58 -59 59 -61 -62 -63
leaf_value=-0.059798259003244862 0.019665207436353943 0.065906371716306741 -0.012784532286750132 0.008688854836746111 -0.0032870332439011948 -0.05794430428808714 0.051494577334533456 -0.049204521221023784 0.042679154302741287 0.0074540774844126844 0.020370617347175778 0.04096328638209154 0.033120994123689775 -0.045106704796312264 -0.0083666170711799021 -0.053898603963595526 0.03964263937556068 -0.089335257254938211 0.0044405368216971098 -0.0001490633870255212 0.021216606779240119 -0.058558065890657623 0.033255394323505473 0.020871273298978602 0.059940525677118932 0.05585916923362947 0.031358270274494664 -0.069232517122336454 -0.039168688716058365 0.061996181438836166 -0.10105324787580941 -0.028344478866332901 0.053429644743242612 0.028302976844061956 0.038931030816275733 0.0035366138398666286 0.042488451063630861 0.027073374839166144 -0.03696846594781044 -0.038400960142275571 0.0013732052268694318 -0.046857988497683217 -0.032888455003272928 0.024025302124336494 -0.10981404312141062 -0.021656138779626882 0.01867932197022059 -0.034063439096890039 -0.074624397344434087 -0.00024927642979406101 0.058749844884440738 -0.039042449980297038 0.010980491251603835 -0.084301988686971724 -0.08728665439551471 0.044571223179299957 -0.032466543252936485 -0.05025826642522762 0.0017825859456867814 -0.051249253695048895 0.013105247405802892 -0.043342006915037284
leaf_weight=4468.0195390448207 208.45614893065067 932.8357310295105 28.194684144109488 237.39599537468166 166.7202429829631 69.031706846202724 472.2857942932751 1009.6669252272695 919.14409649884328 372.29040062130662 286.93464282073546 785.97192350891419 1554.6186734973453 207.31781258946285 68.119595961703453 2131.6572366658365 838.16285572038032 6.4830619989661491 23.177697698178235 205.02202399191447 194.45697323029162 15.766877786023541 187.31405038462253 5.847481706645338 5.2144600027240804 606.69810175150633 8.9910397438798082 8.1079371797386539 131.58082486118656 1855.1462790807709 3.2923918279702766 416.0214246341493 553.49580193578731 239.85646199109033 167.59753625257872 253.81792772520566 5.526818067766726 13.208147661527617 95.019377676420845 574.70831249258481 53.059659441933036 21.639485231135041 119.18411703768652 149.2354459912749 4.4419810953550041 306.88177989301039 1096.9541231839976 52.663865507871378 12.807996686780823 85.75281471631024 8.4547828354407084 78.641189925663639 79.158751868177205 7.2593304163892745 3.9252082570455959 1772.2642781035975 188.10846326337196 925.71298388729338 72.916361060924828 21.793022832367569 57.766414601763245 55.829404255084228
leaf_count=1391334 6242 334 2138 18806 9274 11380 1137 262960 3391 19278 6437 3080 14320 43171 9527 608374 6448 958 1950 12566 5296 2839 2844 121 53 675 637 1327 29344 1507 383 53486 1073 1372 350 15712 294 979 19382 123970 4622 3981 20411 2436 252 30086 27761 6773 2611 6701 273 10806 6591 1183 671 6361 25489 214157 6524 3763 4089 7195
internal_value=5.2663e-10 -0.0370805 -0.0464953 0.0404023 0.0502758 -0.0274465 0.0458376 -0.0543331 0.0394436 -0.012965 0.0240305 0.0545162 0.0298844 -0.0379969 -0.0425986 -0.0574081 0.0329215 -0.044352 -0.0462496 -0.0198574 0.00990567 -0.0291667 0.0175333 0.0365311 -0.0123064 0.0465371 -0.0527083 0.00866196 -0.0346578 0.0598652 1.36348e-05 -0.0339195 0.0443594 0.039704 0.052195 0.0021973 -0.0439718 -0.0472632 -0.0291528 -0.0376305 -0.0187268 -0.0125988 -0.0473445 0.0201829 -0.0355458 -0.0202928 0.0208053 -0.0265231 -0.0308449 -0.0191256 -0.0150131 -0.0295493 -0.0131413 -0.000945198 0.00633797 0.0466794 -0.0393063 -0.048277 -0.0159453 -0.0127199 -0.00821788 -0.0177853
internal_weight=25507.6 13300.6 12006.6 12207 1294.01 3500.08 9164.47 8506.5 5276.78 1475.21 3042.56 3887.7 1792.01 2024.86 1766.25 6740.25 1284.62 1177.45 1096.27 1102.92 361.177 847.411 1757.94 997.688 517.118 1560.27 2272.23 473.674 140.572 2327.43 265.218 623.339 3484.76 1159 774.296 257.11 1698.13 1117.89 108.228 580.235 81.1822 74.6991 1073.09 159.525 10.2895 312.096 1284.27 585.804 442.797 185.657 172.849 87.096 143.007 90.3433 83.084 2325.76 257.14 1044.9 224.072 208.305 186.512 128.746
internal_count=3087485 2965450 2950546 122035 14904 503745 52072 2446801 45323 134461 69963 6749 33126 369284 417112 2029689 15694 248217 238656 115183 14570 121067 54269 9257 42705 4105 638355 23664 29981 2644 17422 96657 12197 4763 1025 16095 407585 283321 20361 124264 9561 8603 236706 2809 373 30139 30605 72478 57260 20391 17780 11079 15218 8445 7262 7434 36869 234568 24410 21571 17808 13719
is_linear=0
shrinkage=0.05


Tree=10
num_leaves=63
num_cat=0
split_feature=4 0 1 1 0 0 3 0 2 3 1 2 1 1 0 2 2 2 2 1 0 1 2 2 1 3 1 3 2 2 1 2 0 3 0 2 2 2 0 2 0 0 0 2 2 1 1 0 1 2 3 3 0 1 1 1 1 3 2 1 1 3
split_gain=14146.2 4096.26 658.436 428.511 324.556 208.584 197.795 108.645 106.671 67.0775 63.1132 50.8534 48.4583 46.4475 43.746 31.0275 30.3651 23.5314 20.8653 22.5365 20.6412 20.4962 19.5424 17.3962 16.894 16.1506 14.8994 13.9308 13.8581 20.6991 13.7919 14.8566 13.9713 13.7357 13.3181 14.5371 13.1758 13.035 13.4698 15.4283 12.9478 13.3787 12.7522 15.699 12.6954 12.5604 18.9791 12.4082 16.9452 12.2782 14.6732 12.2662 11.8871 12.5389 12.0226 18.7778 18.0255 15.239 13.734 11.857 15.0436 11.889
threshold=1.0000000180025095e-35 0.99696221947669972 1.0000000180025095e-35 8.5363907814000015 0.99696221947669972 0.99696221947669972 -1.0528512001499999 0.99202126264572121 5.7995538711500005 0.54236027600000003 6.5099203586500005 4.8850574493500014 6.3063683510000006 8.5363907814000015 0.99082851409912076 3.7487190961500008 1.6520034671000003 8.2642664909500017 7.7688174248000008 8.7311124801500011 0.98981776833534219 8.8421487808000006 7.2120532989500008 4.668682575200001 7.2108395099500013 0.14851966500000002 8.0993642807000015 1.0000000180025095e-35 2.5733351707500005 3.4029409885500006 6.4836039543500013 2.6628723144500004 0.99557843804359425 -0.062803566449999987 0.99610862135887113 2.8228577375500006 3.1950781345500006 6.3921122551000016 0.99210807681083668 3.9117113351500006 0.99557843804359425 0.98819151520729065 0.99493658542633023 3.3148703575000003 2.5452592373000003 9.1746740341500015 9.5796356201000012 0.99150127172470059 5.1971142292000012 3.7232221365000004 0.23694828150000002 -0.74315482379999986 0.99574175477027871 2.2447462082000005 4.999149322500001 3.9804507494000005 5.0591485500500015 0.60498282315000018 1.9554678202000002 5.1971142292000012 4.6873321533500016 -2.5718498229999995
decision_type=2 8 10 8 10 8 10 10 10 10 10 10 10 10 10 10 10 10 10 10 10 10 8 10 10 10 10 10 8 10 10 8 10 10 10 10 10 10 10 8 10 10 10 8 8 10 10 10 10 10 8 10 10 10 10 10 10 10 10 10 10 8
left_child=1 2 7 11 -3 8 12 16 13 22 52 30 14 -5 -4 33 20 25 19 -11 -1 23 -7 26 -13 -10 -6 -25 -16 -30 31 -2 36 -9 35 -12 47 38 39 -17 41 -14 -38 -44 -35 -43 -47 48 -33 50 -34 -26 54 -54 55 58 -56 -58 -8 60 61 -31
right_child=3 4 6 5 21 9 10 15 17 18 34 24 40 -15 28 37 -18 -19 -20 -21 -22 -23 -24 27 51 -27 -28 -29 29 59 -32 32 49 44 -36 -37 42 -39 -40 -41 -42 45 43 -45 -46 46 -48 -49 -50 -51 -52 -53 53 -55 56 -57 57 -59 -60 -61 -62 -63
leaf_value=-0.059323156532727739 0.03526279540992646 0.064462490404630993 -0.048666277161142857 0.0074343438225283436 -0.0052586601691206212 0.048135560229606328 -0.0081710129924004518 -0.045951851774418247 0.040358035044033451 -0.061161120261491113 -0.017211296328656336 0.019137799434277881 -0.048416800805793636 0.031152108451612405 -0.017831655128635625 0.050495184893389861 -0.047172115202062832 0.046569201062166998 0.049387157040678059 0.038543479325021605 -0.052827933649824799 0.029749352850106759 0.060147786708434327 -0.082552716965935843 0.036895680758402598 0.025814667905676738 -0.095776785207007054 0.022255352620944951 -0.039966418731729729 0.024743930439014582 0.018160731276985764 -0.073711505775825761 0.042342249040405122 0.019925080724922169 0.015113735824461256 0.0033635105025459377 0.015214889608098962 0.034548300875668354 -0.030353221061531967 -0.073277467769333582 -0.08458825975246867 -0.019411046461255275 0.053143633336588142 -0.10146989146261039 -0.033834249759549323 0.040971273444655502 -0.078842822736273313 0.0026356229764571094 -0.012126872135367898 -0.025616665390464644 -0.10364214311422022 0.020991532616355613 0.067324932511184141 -0.012366053874402207 0.029284672680195824 -0.04595149942385808 -0.027450566930682364 0.0036976004239189023 -0.049504603583296954 -0.037440179168135357 0.0028689228898872493 -0.034606441464403628
leaf_weight=3945.3089044021908 44.800056709558703 921.56169843673706 769.34505926759448 233.50708029372618 171.36525302892551 410.85174989071675 84.70009835466044 1376.7125152024673 1490.3411476369947 5.7194397754501543 123.14060102420626 283.78144637186779 37.653856019314844 1779.5783240846358 133.6457568325568 10.463105144212021 848.2887936742045 1911.703794560337 943.44652924546972 624.82935078826267 1772.796426492685 85.599593718885444 1924.9803717541508 3.2814957395894444 572.12765178584959 218.94119936914649 4.669983899453654 93.726317440159619 624.53765943762846 9.4467656948836503 1083.2446012324071 13.492216562444808 48.5042899743421 12.194763177772982 137.91004194045672 283.50361944723409 151.85392598778708 8.9086480138357711 205.72893672523787 3.3155549339717245 7.8894373482326037 369.70053157696384 2.424918299773708 5.0836699014762408 110.42100489779841 18.233836559345949 4.0369921412784597 125.31535293132765 64.888743507035542 9.2158487020060402 1.7846108627272759 153.83287334837951 5.0766502516344181 178.26650831539882 18.969962956325617 130.48824057506863 198.48972881468944 48.951606965973042 26.348900663375389 89.058577451913152 69.083324423292652 79.016091800294816
leaf_count=1288628 595 334 181251 18806 8522 1149 6018 349348 7324 186 9064 6437 7223 17448 10491 195 213670 3865 1517 2613 527391 1641 1627 555 4485 1951 522 3330 115966 555 28041 2357 808 1433 6324 18474 5808 845 39573 854 1412 45933 31 540 24864 646 765 7465 5168 639 253 2922 27 14032 1337 19498 26061 4655 3258 13650 6945 10160
internal_value=4.56801e-10 -0.036171 -0.0454309 0.038913 0.0487573 0.0437857 -0.0270656 -0.0530644 0.0376281 0.0526589 -0.0110442 0.0207497 -0.0360182 0.028401 -0.0396936 -0.0419083 -0.0559998 0.0427579 0.0446808 0.0376391 -0.0573094 0.00840146 0.0580349 0.00170884 0.029482 0.0384952 -0.00765999 0.01871 -0.0328234 -0.0351233 0.0150634 0.00788431 0.00498165 -0.0445236 0.00168669 -0.00286698 0.00130096 -0.0247416 -0.0271478 0.0207118 -0.0211146 -0.019949 0.0120698 -0.051537 -0.0284876 -0.0172143 0.0192528 -0.00712406 -0.0227278 0.0274388 0.0371617 0.0335256 -0.0210727 -0.0101595 -0.0250118 -0.0330906 -0.0176874 -0.0212885 -0.0179783 -0.022858 -0.0146149 -0.0282685
internal_weight=25126.1 13021.8 11741.6 12104.2 1280.2 9543.9 3447.49 8294.14 5634.07 3909.83 1235.85 2560.35 2211.65 2013.09 1774.13 1727.74 6566.39 3620.99 1574 630.549 5718.11 358.643 2335.83 273.043 1009.74 1709.28 176.035 97.0078 1004.79 871.142 1550.61 467.364 422.564 1499.33 544.554 406.644 363.059 228.416 219.508 13.7787 437.515 429.625 159.363 7.50859 122.616 391.971 22.2708 203.696 78.381 59.5047 50.2889 725.961 691.292 183.343 507.949 241.537 266.411 247.441 111.049 246.605 157.546 88.4629
internal_count=3087485 2965450 2950546 122035 14904 56486 503745 2446801 49394 7092 108748 65549 394997 36254 339018 417112 2029689 13140 4316 2799 1816019 14570 2776 12929 13844 9275 9044 3885 157767 147276 51705 23664 23069 375645 33862 27538 21369 41467 40622 1049 55979 54567 6379 571 26297 47344 1411 14990 7525 1700 1061 7407 74886 14059 60827 28774 32053 30716 9276 31310 17660 10715
is_linear=0
shrinkage=0.05


Tree=11
num_leaves=63
num_cat=0
split_feature=4 0 1 1 0 0 3 2 1 0 3 3 1 2 1 1 2 2 3 1 1 0 2 3 1 0 3 3 1 0 1 2 0 1 3 1 2 2 3 3 3 1 3 1 0 2 0 2 3 2 3 3 2 0 0 0 2 3 3 1 3 1
split_gain=13130.8 3866.37 677.854 415.976 255.139 158.641 157.823 103.674 97.0324 95.0327 89.5766 63.452 45.8285 37.2066 37.0986 33.464 30.9439 26.4005 24.6148 23.2104 22.3577 21.7441 21.7196 21.39 23.3684 21.1353 19.9939 19.577 18.6228 18.5308 17.9679 23.2545 18.5818 17.7206 21.0836 19.805 17.3736 16.8707 16.3019 24.4018 15.4573 23.1387 15.1957 15.0101 14.972 16.1214 14.8623 14.7012 14.3265 15.0989 14.2461 13.9631 19.4579 13.5329 15.4148 16.7764 13.4605 13.4337 13.449 13.4272 17.1734 13.3843
threshold=1.0000000180025095e-35 0.99749696254730169 5.6880013943000014 9.5796356201000012 0.99092754721641529 0.99659603834152222 -1.0113126635499998 6.5113930702500005 9.5796356201000012 0.99428731203079224 -2.1415404081499996 0.54236027600000003 7.597681283950001 3.6354871988000004 8.8421487808000006 4.124782562250001 7.4548234939500011 3.3769667148500004 0.51117780805000013 5.1971142292000012 7.1775269508500008 0.99749696254730169 2.5733351707500005 -0.062803566449999987 4.999149322500001 0.99069207906723022 1.7673547267500003 -1.6554722785999998 4.613032102550001 0.98838105797767628 3.6188410520500001 1.70272654295 0.99229100346565213 3.3219287395500006 -1.2857298254999998 3.2452627420500004 6.2053434849000011 9.9177846908500022 -0.35465051234999995 -0.67542445659999995 1.2059748173000002 6.0989725590000008 -1.8503153324499997 4.4070367813500004 0.99247750639915466 2.5046740770000002 0.99493658542633023 4.5098071098000005 -1.0383316278499997 5.7995538711500005 -0.098762087499999984 -0.26562823354999993 5.2212238311500005 0.99157688021659818 0.9916553795337677 0.99242612719535772 9.9177846908500022 -2.8053436279499997 -1.2733783721499996 5.1166412830000008 -0.77445140479999985 7.2836048603500005
decision_type=2 8 10 8 10 8 10 10 10 10 10 10 10 10 10 8 10 10 10 8 10 8 10 8 10 10 10 10 8 10 10 10 10 10 8 10 8 10 10 10 10 10 8 10 10 8 10 10 8 10 10 10 10 10 10 10 10 8 10 10 10 10
left_child=1 2 4 7 17 8 -3 12 -5 13 20 21 36 15 25 22 -10 29 19 23 44 -7 30 38 -25 -12 37 -15 -20 -1 33 57 -33 34 -6 53 -2 -13 39 59 -27 -42 -19 51 45 -4 -40 -47 -21 -50 -29 -8 -53 -36 -55 -56 -9 -32 -59 60 -11 -22
right_child=3 6 10 5 9 11 43 56 16 18 14 26 -14 27 -16 -17 -18 42 28 48 61 -23 -24 24 -26 40 -28 50 -30 -31 31 32 -34 -35 35 -37 -38 -39 46 -41 41 -43 -44 -45 -46 47 -48 -49 49 -51 -52 52 -54 54 55 -57 -58 58 -60 -61 -62 -63
leaf_value=-0.05833413984769556 0.017447314769778344 0.063194692075017989 0.0019649566513861151 0.0063621818688616508 -0.068969652829166381 0.0489385885488271 0.039795469879085832 0.036981314101589315 0.033984936493046139 -0.022039516228706969 -0.066292857791367302 0.041842266927603865 0.025575046625242216 -0.020752470657194117 0.015967713744782851 -0.046944785599583698 0.043354466648200002 0.012115213561832866 -0.049212402997913539 -0.045363541531821622 0.018550278617076119 0.059324724811558864 -0.072325515596449466 -0.070952431342845054 0.0088166413839048281 -0.010328831589416174 0.034453247525717302 -0.057801034616453077 -0.00015820266591200344 -0.052715473220254563 0.030205058655142315 0.037639418390431667 -0.035378201513916387 -0.06845584408917918 -0.085498535923010086 0.036574677922634753 0.0054457319923689913 0.054336046559567711 -0.062120388051591757 -0.061275905096717001 -0.089769496712716779 0.014201801446135595 -0.04292555993926863 0.016770216809332574 -0.019853130349551537 -0.054200987985918249 0.022189502484485438 -0.014742146258692629 -0.030198691144349862 0.032378616374405721 -0.018478796440442775 -0.093795255142367751 0.038835646551584203 0.046957713464820694 -0.08912676742936633 -0.0084844607652405941 0.057177852593131455 -0.045124007650548192 -0.0051494639972286572 0.029159877709972332 0.025629525853255609 -0.021845170696311134
leaf_weight=2860.5599041329697 898.80716830259189 910.93311086820904 16.703237503767014 241.16069714320474 21.945838105049916 708.72267232183367 5.1550419547711526 917.53024278883822 1603.3130050160689 160.46597361686872 15.642687774612567 654.85076635342557 1818.0170688161743 264.99495505017694 184.84735082392581 2340.9231949928799 1956.5906140746083 13.077392565202898 22.484924832824618 205.99544419022277 25.026842730527278 1743.9755653827451 26.464905645232648 34.09647946304176 12.564425029326229 736.25924652296817 444.23160815052688 76.172154263244011 138.67498122598045 3013.2545719558839 9.6523419811855984 31.601675443933345 12.029919284163041 36.104160274495371 8.4573264515493047 15.715151423355563 453.78842731652549 460.00253773294389 5.9046533268410704 29.253637753310613 5.6206574190873644 111.6293572486029 305.04006043105619 159.65667258756002 77.662117210740689 181.92464376665885 45.559022473054938 27.124532748770434 264.51488440833054 10.003989228629505 33.01759749581106 9.8909773229388502 3.8385071626398704 7.8414831241825587 8.9969816349912453 22.775330924254376 90.64967995788902 62.763750977581367 31.651712145307101 17.727317298646085 21.415523468866013 113.50546162424143
leaf_count=919358 23934 378 1576 19182 2648 1746 150 5404 11707 15932 2775 2278 26368 43876 7059 623996 4582 1433 2577 46785 1884 1370 5679 4572 966 66708 1389 15518 15284 935557 329 796 968 6721 1503 878 23502 449 836 3345 758 4150 74330 4951 12363 42332 1951 3985 48416 979 5287 1096 144 166 1355 1584 124 12766 2693 932 1025 14100
internal_value=-3.39305e-10 -0.0353103 -0.0437216 0.0375644 -0.0483434 0.044375 0.0547696 0.024831 0.0370553 -0.0384659 -0.0122959 0.0513101 0.02039 -0.0428482 -0.00437318 -0.0449419 0.0391346 -0.054692 -0.0248435 -0.0284042 -0.0311908 0.0563236 -0.0291018 -0.0181281 -0.0494729 -0.00869919 0.0434232 -0.0280938 -0.00700221 -0.0554518 -0.0248578 -0.0131329 0.0175073 -0.0390716 -0.0266971 -0.0121531 0.0134208 0.0469974 -0.0129107 -0.0186284 -0.00764365 0.00921769 -0.0406629 0.0117842 -0.0387898 -0.0453043 0.0125163 -0.0490811 -0.035397 -0.0279183 -0.0459105 -0.0303692 -0.0567141 -0.028083 -0.015825 -0.03132 0.0387973 -0.0259791 -0.031723 -0.0123782 -0.0164268 -0.0145474
internal_weight=24748.8 12757.1 11667.6 11991.6 10171.7 7812.85 1089.47 4178.79 3801.06 3979.77 1495.95 4011.78 3170.61 3011.11 1054 2636.92 3559.9 6191.93 968.661 807.501 441.947 2452.7 296.001 326.987 46.6609 869.152 1559.08 374.185 161.16 5873.81 269.536 147.699 43.6316 121.836 85.7321 63.7863 1352.6 1114.85 280.326 228.862 853.509 117.25 318.117 178.541 303.415 225.752 51.4637 209.049 480.514 274.519 109.19 18.8845 13.7295 48.0711 39.6138 31.7723 1008.18 104.068 94.4155 199.609 181.881 138.532
internal_count=3087485 2965450 2958731 122035 2801041 42703 6719 79332 35471 870363 157690 7232 73804 726763 81450 662082 16289 1930678 143600 125739 76240 3116 38086 29559 5538 74391 4116 64681 17861 1854915 32407 17552 1764 14855 8134 5486 47436 2727 24021 21234 71616 4908 75763 6341 60256 47893 2787 46317 96180 49395 20805 1390 1240 4608 3105 2939 5528 15788 15459 17889 16957 15984
is_linear=0
shrinkage=0.05


Tree=12
num_leaves=63
num_cat=0
split_feature=4 0 1 0 1 3 3 0 2 2 1 3 1 0 2 0 2 2 3 0 0 2 0 2 3 1 1 1 0 3 3 0 1 2 0 0 0 3 0 0 2 0 2 0 2 1 0 2 3 1 3 3 0 2 0 1 1 1 3 2 1 1
split_gain=12167.2 3654.69 627.89 405.327 249.46 198.65 152.186 115.3 78.3884 76.7641 64.3559 48.8136 41.1142 38.7081 38.1784 33.5853 26.7574 19.5668 18.7724 18.4637 18.0187 17.2862 17.2608 17.1781 17.0796 17.9479 16.468 18.8578 16.424 15.52 15.3094 18.3461 17.3467 21.9886 15.0316 14.8827 14.8687 18.5951 13.587 13.2741 13.2276 13.1152 13.0557 15.5689 15.1169 13.6072 12.8135 12.9338 12.7818 13.2395 13.9156 12.7024 14.8428 13.4356 13.5763 12.6508 24.7208 12.5475 24.9359 12.4379 21.2543 14.3226
threshold=1.0000000180025095e-35 0.99749696254730169 1.0000000180025095e-35 0.99659603834152222 8.0259971618500021 -1.0528512001499999 -1.0113126635499998 0.99202126264572121 6.8185496330500008 6.9871268272500009 6.5099203586500005 0.19018302855000002 6.3063683510000006 0.99082851409912076 3.1331140995000006 0.99517691135406461 1.6520034671000003 4.7972486019000007 -0.99838113784999993 0.98981776833534219 0.98834934830665566 3.0951653719000007 0.99610862135887113 3.7232221365000004 1.1460097432000003 10.157680511450002 5.653244495400001 5.5344171524500014 0.98792818188667264 1.2059748173000002 0.23694828150000002 0.99445441365241971 6.6206948757000008 2.9474122524500008 0.99413067102432218 0.98767706751823414 0.99749696254730169 1.9670250415500001 0.99483138322830167 0.98940518498420671 3.8414573669500003 0.99749696254730169 2.3946442604500002 0.99287405610084523 2.5733351707500005 4.7488431931000017 0.99210807681083668 3.9117113351500006 -0.61009746789999986 8.4591779709000026 -2.3913335800499995 -2.1295086145499993 0.99233481287956216 2.3946442604500002 0.99383294582366921 5.0591485500500015 4.8260855674500007 8.0259971618500021 -0.062803566449999987 3.5797259808000006 8.9386439323500024 6.8564984798500008
decision_type=2 8 10 8 10 10 10 10 10 8 10 10 10 10 10 10 10 10 10 10 10 10 10 10 8 10 8 8 10 8 10 10 10 10 8 10 10 10 10 10 10 8 8 8 8 8 10 8 10 10 8 8 10 8 8 10 10 10 10 10 10 10
left_child=1 2 7 4 14 12 -3 16 40 24 -7 41 13 -4 20 23 19 29 26 -1 28 30 -12 -9 25 -5 27 -16 35 -17 31 32 33 42 -34 -2 -13 -38 51 -10 -6 57 43 -22 -44 -46 47 -25 49 50 -42 52 -15 54 -53 56 -54 58 -11 60 61 -8
right_child=3 6 5 9 8 10 59 15 39 11 22 36 -14 38 18 17 -18 -19 -20 -21 21 -23 -24 46 -26 -27 -28 -29 -30 -31 -32 -33 34 -35 -36 -37 37 -39 -40 -41 48 -43 44 -45 45 -47 -48 -49 -50 -51 -52 53 55 -55 -56 -57 -58 -59 -60 -61 -62 -63
leaf_value=-0.056942249905278366 -0.043964604908820537 0.062089399626552681 -0.046651980823494643 0.032413699336604145 0.02353723748743905 -0.020123695507878354 -0.015282385610045014 -0.043859008637655739 0.020439829565066743 -0.11245167330348156 -0.0043433510833611483 0.035360418505235663 -0.020700723559634648 -0.0013379245352393011 0.0075562284005071647 -0.031513779234329874 -0.045249007267754555 0.017741740022284947 0.0055240246871934018 -0.05063852989419676 0.046854124556779966 -0.10200056864391971 0.013082193175008911 0.045377668795030489 0.027817538266230343 0.047516628506627905 0.024264504089522892 -0.096192724175253319 -0.092189760834355719 0.012844607126852179 -0.061966312634194089 0.023261131142748664 0.015366601825418283 -0.097883915734418556 -0.060557066110559089 0.033244679285379337 0.050856025383223029 0.035166751392955102 -0.016187078351460233 0.041224323575930304 -0.10520274776247521 0.059780305955673678 -0.10458795097983037 -0.12590017792218863 -0.057419954417662469 -0.0012490787572949824 -0.031223404179081149 -0.069972829927670219 0.022747626797262166 0.034902109653461438 0.021045661672820959 -0.011019770135738467 -0.039064077268209402 -0.039035921519549446 -0.089576299789890804 -0.066714516101585672 0.032164474114367722 0.051449413394620502 0.050581379419559883 0.02034494799261239 0.040847680913665439 -0.10037461220770497
leaf_weight=3720.7548442399711 14.455180263961667 896.74714879720705 733.98524055298185 346.61493338725995 884.70564280409599 716.6741477996402 34.454304290702567 1290.4385737801786 79.126891103573143 3.5137161281891149 397.26173983179615 309.74878621229436 431.25572294072481 60.21276898792712 92.750159509771038 185.189699862618 813.64991741575068 27.998899718921166 200.83233612647746 1688.8972509855521 20.06113799393643 3.6189108747639684 221.26304566807812 10.613327901344745 355.51368637708947 454.85028999904171 936.40818734094501 4.5969762181630349 8.1494089057669026 22.068694116780534 7.8391796526266253 160.11083829845302 261.49217637703987 6.0968642428051671 6.6858179088449097 10.984132317302281 933.04895183560438 236.78358500520699 126.77683415083447 2633.5305816211039 2.215382426045835 1370.6995672642952 3.7469776527723297 1.3948730335105199 11.230074330931528 270.01887919011642 167.00938585505355 3.1517854551784685 368.74170276179211 1246.8381280634785 147.83330388367176 72.033693545381539 53.803804745723028 620.78690479544457 5.9545573473442337 21.637564719305374 15.746350016328504 481.98120784107596 7.0536279315128922 120.21821798151359 15.861769389593972 5.7738778413622631
leaf_count=1288628 1699 378 181251 3371 12162 77794 1890 343600 402 236 27538 1494 56029 5609 3204 35768 213670 3002 7733 527391 194 306 9252 218 2286 1216 19184 499 1235 2088 964 5238 7723 614 466 535 1468 543 12437 7744 97 937 239 92 1737 21805 33746 865 4845 8789 2082 5115 7833 120465 876 4381 1175 831 65 3742 155 554
internal_value=4.34992e-10 -0.0344788 -0.0427774 0.0362108 0.0290019 -0.025063 0.0537401 -0.0505456 0.0346429 0.0480395 -0.00992584 0.0518815 -0.0344978 -0.0379754 0.0140285 -0.0390319 -0.0537027 -0.0214906 0.0195122 -0.0549742 0.00541396 0.00701372 0.00189024 -0.0418368 0.0369389 0.040985 0.0222298 0.00265694 -0.0304163 -0.0267905 0.00754066 0.00827615 0.00414468 -0.00386003 0.0134738 -0.0106273 0.0451012 0.0476804 -0.0314567 0.0406181 0.0285273 0.0572657 -0.00198942 0.0356232 -0.0048211 -0.00349194 -0.0274017 0.018966 0.0310277 0.0332135 0.0191817 -0.0337337 -0.0206038 -0.0365785 -0.0170177 -0.0333253 -0.0229377 0.0502678 -0.00362826 0.0112738 -0.00816863 -0.0274955
internal_weight=24363.5 12480.2 11407.2 11883.3 7383.46 3477.39 1073.06 7929.77 5362.99 4499.81 1335.2 3342.83 2142.19 1710.94 2020.47 1706.47 6223.3 235.257 1234.59 5409.65 785.884 752.296 618.525 1471.21 1156.98 801.465 1033.76 97.3471 33.5887 207.258 748.677 740.838 580.727 312.549 268.178 25.4393 1479.58 1169.83 976.952 2712.66 2650.33 1863.25 306.452 21.456 284.996 281.249 180.774 13.7651 1765.63 1396.89 150.049 850.176 151.4 698.775 77.9883 91.1877 69.5502 492.549 10.5673 176.308 56.09 40.2282
internal_count=3087485 2965450 2958731 122035 109588 509755 6719 2448976 36121 12447 114584 5574 395171 339142 73467 419287 2029689 40858 30620 1816019 42847 39378 36790 378429 6873 4587 22887 3703 3469 37856 39072 38108 32870 24681 8189 2234 3505 2011 157891 8146 27975 2069 24067 286 23781 23542 34829 1083 15813 10968 2179 145454 18998 126456 5991 13389 9008 1132 301 6341 2599 2444
is_linear=0
shrinkage=0.05


Tree=13
num_leaves=63
num_cat=0
split_feature=4 0 3 0 1 1 3 1 2 2 0 3 1 0 2 0 2 2 1 0 0 2 1 2 1 3 2 3 1 0 0 3 3 1 2 3 0 0 3 0 0 1 2 2 1 0 1 1 0 2 3 0 3 3 2 3 3 3 3 2 3 3
split_gain=11348 3466.58 585.141 402.819 224.244 189.378 146.802 116.545 76.3887 71.805 58.8847 49.7375 38.7892 39.8965 37.7473 34.3965 31.73 27.6612 21.0696 19.8071 18.9121 20.1301 18.5203 17.9524 16.2931 15.3971 14.7689 14.4377 14.2713 24.1574 17.6489 17.3368 14.8171 19.1593 14.0853 13.506 13.9777 13.4559 19.1616 15.1101 13.2315 19.27 15.3031 16.6559 17.4189 13.6333 14.8922 14.3255 12.47 12.2921 15.8738 12.0674 11.7292 11.7234 11.5274 11.4427 11.1471 11.03 14.7579 14.2125 10.9337 10.7094
threshold=1.0000000180025095e-35 0.99749696254730169 -1.0528512001499999 0.99659603834152222 8.0259971618500021 9.5796356201000012 -1.0113126635499998 6.1652591228500011 6.8185496330500008 6.8185496330500008 0.98975870013236966 0.54236027600000003 6.4836039543500013 0.99146187305450417 3.5797259808000006 0.99421235918998674 3.1523958444500004 2.5046740770000002 9.1746740341500015 0.99610862135887113 0.99749696254730169 6.8185496330500008 9.2959427833500019 2.7745139599000006 6.0789875984000012 -1.6888221502499998 8.9321832657000027 1.9670250415500001 10.916908264200002 0.9892612099647522 0.98314931988716114 -1.1294083595499997 -1.0927973985499999 8.0993642807000015 5.7348122597000009 -1.7000899314999998 0.99109688401222173 0.99326011538505521 -2.4569387435999999 0.99036580324172963 0.9916553795337677 3.3219287395500006 3.7100044489000004 2.1035652160500002 3.5439828634000006 0.99483138322830167 5.8841578960500014 6.0551803112000009 0.98981776833534219 2.8228577375500006 1.7673547267500003 0.98677667975425665 1.2059748173000002 0.66179871560000014 3.3259888887500004 -1.6437325477499998 -2.8053436279499997 -0.95906108619999986 -0.86205407979999993 5.5698196888000009 1.0455129742500002 -1.2490309476499999
decision_type=2 8 10 8 10 8 10 10 8 10 10 10 10 10 10 10 10 8 10 10 8 10 10 8 8 8 10 10 10 10 10 10 10 8 10 8 10 10 10 10 10 8 10 8 10 10 10 10 10 10 10 10 10 10 8 8 8 10 10 8 10 8
left_child=1 2 5 4 16 12 -3 15 22 28 -7 20 13 25 -12 24 35 -17 -14 49 21 -10 53 -19 -4 -1 -13 -28 31 30 -30 37 33 -33 57 36 -2 38 -6 -40 41 -15 43 44 -42 46 56 54 -16 50 -9 -37 -11 -5 -48 -53 -45 -18 -59 -60 -36 -24
right_child=3 6 7 8 9 10 -8 19 11 52 14 26 18 40 48 17 34 23 -20 -21 -22 -23 61 -25 -26 -27 27 -29 29 -31 -32 32 -34 -35 60 51 -38 -39 39 -41 42 -43 -44 45 -46 -47 47 -49 -50 -51 -52 55 -54 -55 -56 -57 -58 58 59 -61 -62 -63
leaf_value=-0.018819394881424343 -0.093130086598150308 0.061121868584815657 -0.026418519719407774 0.031075969127381371 0.026680893830346671 -0.05502079097614504 0.011003912217407229 -0.022469756218495059 0.0064381778184743818 0.039449071323448104 -0.047589800812299451 0.034352514123260618 -0.021924346356143608 0.03207755829496102 0.031486154229310732 0.0093762831528887338 0.017307728415463918 -0.079798153075074998 0.032484463526647966 0.011049114351876216 0.057867340287629854 0.049501284902562608 0.05671823079130172 -0.0211395008370307 -0.044725980725951138 -0.046069863658994896 0.049706263451245819 0.032987150314936764 0.064125841401000916 0.036469531700867912 -0.1020400903965093 0.060586596713444678 0.018738717254204458 -0.11735602569265513 0.027363568408763944 -0.083079639012815648 0.020687460936119229 0.033418254269299695 -0.10352255870804239 0.0068510229433489701 -0.094381031669581256 -0.024893274815180912 -0.017828842401153188 -0.010085319853965682 0.0022510845446924938 -0.020114907578533143 -0.078373150429896732 -0.038394947136688312 -0.030233621088264634 -0.00080213942481086433 0.04639708436812684 -0.096749362101474737 0.018491765433829663 0.0082762251623494706 0.021430271227777107 0.0033676081955066155 -0.046738635933174219 -0.10069048307544953 0.006800878440557382 -0.10325871433054046 -0.10901630561656575 0.037097087175067885
leaf_weight=55.253896937007084 2.7451922419713801 881.4240239871433 226.93473383656237 169.10340199107304 812.32504844292998 3966.4685675334767 175.14495422207983 139.4747935346677 28.493347808602266 2628.0885978071019 2940.2616879076231 390.67375812388491 349.61081548954826 20.586196651682258 8.438319515436886 77.057772933971137 737.93197444808902 13.338577343733048 18.747516094241291 247.61303163069533 1601.2230715558399 570.47674676310271 76.729679585434496 589.85931795480428 261.65903355902992 837.95597524952609 623.82638804009184 162.8298415915342 2.2681994512677184 476.76313779409975 5.4080669751856476 2.307221906259656 534.38409013091587 4.3929248210042706 362.57968386507127 4.1079248822061336 155.19079019041965 692.07268985226983 3.2062771061900994 94.277759347343817 5.1911838287487617 53.201670129783452 168.22244758799206 21.976921292603947 45.885176834301092 94.376564766920637 3.298942994675599 38.679670085606631 271.41619831236312 306.06674245314207 8.9016309204744157 2.8673188799293712 68.503629570361227 84.581981647643261 23.524589503416795 614.03527961394866 369.5036446013255 3.4830035546328864 108.51250426261686 3.014785546809434 1.4756117539945979 742.53044937667437
leaf_count=7538 279 378 31011 1993 8945 1385954 6341 11979 523 7699 887242 1916 45174 651 626 4240 19673 2235 743 10955 1214 1023 89 80486 68034 208585 775 397 2 3177 167 6 8318 161 4850 625 4642 5687 131 1381 682 8521 20930 1859 2417 9370 627 6860 59330 22242 136 254 447 1633 2684 37256 77620 382 5093 327 86 2884
internal_value=-1.76713e-10 -0.0337496 -0.0419424 0.035039 0.0278266 -0.0470788 0.0528139 -0.0164305 0.0469016 0.033185 -0.0509428 0.0505937 -0.0338933 -0.0370176 -0.0459197 -0.0261021 0.0135337 -0.0188329 -0.0191552 -0.000328404 0.0550321 0.0474527 0.0352793 -0.0224366 -0.0362228 -0.0443842 0.0422991 0.0462456 0.0273023 0.0350528 -0.052941 0.0255503 0.0178122 -0.0560808 0.0185773 0.00565376 0.0187091 0.028164 0.0241672 0.00322081 -0.0292256 -0.00899889 -0.0311623 -0.0348855 -0.00757019 -0.0374159 -0.0409889 -0.018923 -0.0283726 -0.00652769 -0.0183382 0.00233351 0.0389167 0.0234742 0.00915576 0.00290227 -0.044681 0.015063 0.000660568 0.00382577 0.0268108 0.0389348
internal_weight=23990.5 12220.1 11163.5 11770.4 7319.94 9292.6 1056.57 1870.91 4450.47 5324 7186.58 3377.52 2106.02 1737.66 3220.12 1168.85 1995.94 680.256 368.358 702.056 2200.19 598.97 1072.95 603.198 488.594 893.21 1177.33 786.656 2627.41 484.439 7.67627 2142.97 541.084 6.70015 1217 778.947 157.936 1601.88 909.809 97.484 844.447 73.7879 770.659 602.437 51.0764 551.36 456.984 65.5032 279.855 454.443 148.376 621.011 2696.59 253.685 26.8235 616.903 391.481 852.942 115.01 111.527 364.055 819.26
internal_count=3087485 2965450 2958731 122035 109588 2727413 6719 231318 12447 36121 2333152 5848 394261 348344 947198 186006 73467 86961 45917 45312 2760 1546 6599 82721 99045 216123 3088 1172 27975 3346 169 24629 8485 167 30411 43056 4921 16144 10457 1512 132221 9172 123049 102119 3099 99020 89650 10171 59956 34357 12115 38135 8146 3626 3311 37510 79479 25475 5802 5420 4936 2973
is_linear=0
shrinkage=0.05


Tree=14
num_leaves=63
num_cat=0
split_feature=4 0 1 0 1 3 3 0 3 2 3 1 2 2 0 1 2 1 3 1 2 1 0 1 0 0 2 3 3 0 3 3 0 2 2 2 2 3 1 0 0 0 1 2 2 2 1 1 0 2 2 3 3 0 0 0 1 1 3 2 0 3
split_gain=10619.2 3282.55 540.937 399.181 245.051 169.516 148.228 105.751 71.763 68.6801 49.8227 47.1026 45.8812 37.6719 28.8945 26.5824 25.3966 21.5616 20.8721 17.9208 17.2275 17.1672 18.2127 16.9765 16.9281 16.77 16.4807 16.3027 15.6796 15.6233 14.9927 14.6046 14.4003 14.3936 14.2984 13.1223 15.8425 13.0104 12.745 13.4557 13.2583 23.0876 12.733 12.6556 12.6187 12.2074 13.464 11.7647 18.5978 15.8716 17.2203 11.6073 11.6003 11.4207 11.2464 11.2008 11.1008 11.0966 11.0117 15.8548 10.7919 10.7718
threshold=1.0000000180025095e-35 0.99749696254730169 1.0000000180025095e-35 0.99696221947669972 8.2420878410500027 -0.40638962384999994 -1.0113126635499998 0.99202126264572121 -0.21150645609999999 5.7995538711500005 -0.52968072889999995 7.4557628631500004 6.8185496330500008 4.8850574493500014 0.99517691135406461 6.375423908250001 1.6520034671000003 6.5099203586500005 1.2693654894500002 7.1775269508500008 3.7232221365000004 4.7780065536500009 0.99659603834152222 9.1746740341500015 0.98981776833534219 0.99146187305450417 4.7972486019000007 2.2426726818000007 0.71887999770000011 0.99247750639915466 -1.0113126635499998 -0.91866838929999994 0.99696221947669972 8.2642664909500017 3.1523958444500004 2.48893892765 2.7745139599000006 0.83043432235000003 3.3219287395500006 0.9916553795337677 0.99320301413536072 0.99331837892532315 2.8888735771500005 5.146647691750001 9.9177846908500022 3.0766280889500002 8.0259971618500021 6.6788682937500008 0.98756009340286222 2.6628723144500004 2.8566193581000006 0.48539993170000001 1.1460097432000003 0.99749696254730169 0.99517691135406461 0.99210807681083668 4.4070367813500004 7.9674963951000004 -0.26562823354999993 5.2212238311500005 0.99659603834152222 -0.19404163954999995
decision_type=2 8 10 8 10 10 10 10 10 10 8 10 10 10 10 10 10 10 10 10 10 10 10 10 10 10 10 10 10 10 10 10 10 10 10 8 8 10 10 10 10 10 8 8 10 10 10 10 10 8 8 10 10 8 10 10 10 10 10 10 10 10
left_child=1 2 7 4 13 10 -3 16 53 -6 17 21 23 47 20 25 24 -4 33 28 -9 22 29 -10 -1 -12 32 44 -15 -7 -21 -32 -16 -11 -34 -23 -37 -31 39 42 -41 -42 -27 -40 -14 46 -17 48 -2 -50 -51 -52 61 -5 -35 -22 58 -47 -8 -60 -33 -13
right_child=3 6 5 8 9 11 56 14 12 18 15 52 27 19 26 45 -18 -19 -20 30 55 35 -24 -25 -26 38 -28 -29 -30 37 31 60 34 54 -36 36 -38 -39 43 40 41 -43 -44 -45 -46 57 -48 -49 49 50 51 -53 -54 -55 -56 -57 -58 -59 59 -61 -62 -63
leaf_value=-0.055022883055749684 -0.08142640081424414 0.060269257521573895 -0.027329060793507942 0.047364283592884068 0.02547005516947496 -0.072512063714532532 0.034693046077856268 -0.042214810802629614 0.014144402154640887 0.034450156558696959 -0.045135256315266735 0.028438281361721593 0.04303749084626373 0.013668371964333639 -0.032215643750204977 -0.041262542382733997 -0.043379602954271075 -0.010459898330053072 0.012246876736018788 0.032773726137028301 0.0185989157653513 0.014547011222075619 -0.093384245329913865 0.034522487609588731 -0.048824749002396334 -0.10266811920546809 0.014984695367315878 0.032303875323513837 -0.10721346229451137 -0.013270532188989182 -0.12228592693774124 0.017697024993830204 0.013688978366420619 0.036966362671279028 -0.083123721220444854 -0.085287029376350479 -0.011785065591038969 -0.068468214212424439 -0.024743672138022074 -0.067340393170548171 0.074396147721263114 -0.092284858481326948 0.040903675979223647 -0.045124693566703233 0.052376517442761075 -0.0044776108472798243 -0.0028401624371216924 0.013229656522947478 0.02982391033169134 -0.065742503068939639 0.0042859640306254308 -0.096508884289472074 0.019937368722220031 0.057791786905995512 0.04482966578127446 -0.029087735957932272 0.014052852184615881 -0.04486169236719964 -0.088897392601262434 0.032857323126399954 -0.053930625261637589 -0.0038898372246830592
leaf_weight=3495.7196823585546 6.260741844540461 865.04928611795185 811.14882191113429 336.46464880974963 1920.9250376058044 15.325436831568366 5.0744585975771797 1233.5362595578772 123.84993360005319 1699.1297222268768 785.18194000219228 30.266477854980621 683.62549348338507 265.80278560621082 168.23392791219521 110.56461167091038 779.43550126458285 247.13617218640866 82.03783124696929 386.87537706992589 13.327597301162312 47.838659267872572 10.514520591241306 584.71370455739088 1608.4839857554762 1.7083620217163114 27.832733988878317 187.27771161613055 2.7099376632831982 105.78017694375012 2.0556334075517944 74.999021690688096 32.469143824302591 920.66987896687351 4.3214526843512422 7.4638690683641471 411.98519369296264 11.873835948063059 146.95082380401436 11.673195140552709 5.6882869889959675 3.272871678462252 16.080724297673445 158.13048333715415 768.10567356506363 97.800249995372724 28.723944374476559 777.79813364625443 59.644552722980734 9.0145371818798576 647.47893237348762 2.868892644182778 132.19264448684407 1195.8992050602101 898.47898774128407 161.90524245402776 157.20101752202027 20.591764814860653 8.9209673928562534 3.8181982442038125 5.6551809208467594 173.33768438594416
leaf_count=1288628 1247 378 107904 991 21044 3130 150 343600 2181 9216 201673 1249 1790 7042 35942 20766 213670 21272 697 3251 1083 1945 1310 2261 527391 163 3002 447 292 9390 99 1682 1317 2107 597 1058 42001 2045 21034 2208 77 423 340 40711 724 10933 2615 21425 945 643 40724 606 3837 937 1478 33746 4951 3105 1096 144 206 10566
internal_value=2.206e-10 -0.0330969 -0.0411834 0.0339901 0.0274446 -0.0246034 0.051779 -0.0486551 0.0470856 0.0331046 -0.0315595 -0.00663843 0.0415917 0.0135008 -0.0374339 -0.037796 -0.051786 -0.0233897 0.0371779 0.0227514 -0.0401308 -0.0149085 -0.0300355 0.0309606 -0.0530697 -0.0411041 -0.0211179 0.0461877 0.0124484 -0.0250266 0.0286428 0.0093205 -0.0260189 0.0377593 0.00231728 -0.0102633 -0.013093 -0.0188412 -0.0318897 -0.00475129 -0.0322243 0.0135195 0.0271159 -0.0353076 0.0479787 -0.0233058 -0.0333391 0.00895809 0.00437715 0.00512428 0.00289 0.00384133 0.00840402 0.0555022 0.0408501 -0.0254609 0.0098139 -0.0115016 -0.0275939 -0.0524049 0.0126748 0.000915852
internal_weight=23598.9 11956.6 10916.5 11642.3 7762.41 3391.23 1040.06 7525.27 3879.94 5521.24 2444.65 946.578 2347.57 2241.16 1641.63 1386.37 5883.64 1058.28 3600.32 738.098 1408.77 610.782 143.494 708.564 5104.2 1128.69 232.857 1639.01 268.513 132.979 469.585 82.7098 205.025 3518.28 36.7906 467.288 419.449 117.654 343.505 38.4234 20.6344 8.96116 17.7891 305.081 1451.73 257.681 139.289 1503.07 725.268 719.007 659.362 650.348 335.797 1532.36 1819.15 175.233 175.015 118.392 17.8136 12.7392 80.6542 203.604
internal_count=3087485 2965450 2958731 122035 112704 509755 6719 2448976 9331 34542 433224 76531 7403 78162 419287 304048 2029689 129176 13498 12572 378429 60879 15875 4442 1816019 266629 40858 2961 7334 14565 5238 1987 37856 12801 1914 45004 43059 11435 64956 3211 2708 500 503 61745 2514 37419 23381 65590 44165 42918 41973 41330 15652 1928 3585 34829 6341 14038 1390 1240 1888 11815
is_linear=0
shrinkage=0.05


Tree=15
num_leaves=63
num_cat=0
split_feature=4 0 1 0 2 3 3 0 2 1 0 3 1 2 3 1 1 1 0 3 1 1 2 2 0 2 3 0 2 0 3 1 3 0 0 2 2 0 2 0 0 0 3 3 3 1 1 1 2 0 2 2 2 3 0 3 0 2 1 1 1 1
split_gain=9956.96 3113.59 513.365 387.482 217.055 157.154 147.304 101.36 82.4371 73.2281 47.9848 42.2232 41.662 31.334 27.1075 26.3637 26.2682 25.2581 23.5143 23.5039 21.8087 19.9458 16.9973 16.8833 17.5237 16.7884 16.0618 15.0082 16.1489 14.8255 14.7235 14.1643 12.9223 12.8164 12.9139 12.5105 16.4676 14.0012 23.5394 29.8256 12.1935 12.0933 18.9287 17.8925 14.7436 12.051 16.7347 11.8632 11.8518 12.0807 11.798 11.8774 17.688 15.7343 11.6482 11.4965 11.4729 10.9962 20.2663 14.0987 17.2278 12.0426
threshold=1.0000000180025095e-35 0.99749696254730169 1.0000000180025095e-35 0.99659603834152222 5.5187616348500006 -0.40638962384999994 -1.0113126635499998 0.99202126264572121 7.7688174248000008 8.6349406242500013 0.99030202627181974 0.75774592160000009 7.4557628631500004 7.4548234939500011 -0.89092493059999989 7.1775269508500008 7.6502346992500012 6.2595348358000011 0.98943290114402771 1.6298171282000002 9.2959427833500019 5.8617305755500011 1.6520034671000003 5.1809973716500011 0.99696221947669972 3.7232221365000004 1.1460097432000003 0.99749696254730169 7.7688174248000008 0.98964038491249073 0.26223824920000005 4.7780065536500009 -0.74315482379999986 0.99659603834152222 0.99247750639915466 2.6520700455000004 2.8566193581000006 0.99150127172470059 3.9250117540500002 0.99043044447898865 0.99229100346565213 0.99454283714294378 -1.5806515812999999 -0.28289292754999995 0.75774592160000009 9.970943450950001 8.0993642807000015 10.916908264200002 4.1890265941500013 0.99505531787872259 2.0082911253000004 3.9833949804500004 4.3874075413000009 -1.7306617498499997 0.99696221947669972 -1.5369367599499999 0.98981776833534219 2.1035652160500002 3.5439828634000006 3.8868749142000003 4.2181305885500011 3.8522540331000004
decision_type=2 8 10 8 10 10 10 10 8 10 10 10 10 10 10 10 10 10 10 10 10 10 10 10 10 10 8 8 10 10 10 10 10 10 10 8 8 10 10 10 10 10 8 10 8 10 10 10 8 10 8 8 8 10 10 8 10 8 10 10 10 10
left_child=1 2 7 4 9 10 -3 18 20 21 16 27 31 15 25 29 -4 57 -1 32 -5 35 -20 24 -16 -9 -22 28 45 -6 -31 33 -17 34 -7 -2 -37 38 39 -38 -27 43 -43 -23 -45 46 54 -34 49 -33 -19 -52 -53 -54 -10 -44 -18 58 -12 61 -61 -60
right_child=3 6 5 8 13 12 -8 14 11 -11 17 -13 -14 -15 23 19 56 50 22 -21 26 41 -24 -25 -26 40 -28 -29 -30 30 -32 48 47 -35 -36 36 37 -39 -40 -41 -42 42 55 44 -46 -47 -48 -49 -50 -51 51 52 53 -55 -56 -57 -58 -59 59 60 -62 -63
leaf_value=-0.053590475577749166 0.029302388003469921 0.059528430514700741 -0.044116697907892376 0.02342444404701129 -0.10244561345589931 -0.069817401005201105 0.0090109315279578266 -0.042646822998562955 0.028488310420269881 0.025231085895396813 -0.090950688234092414 0.040224868989441914 0.0072544666339032426 0.037718103552328318 -0.031969744279934563 0.033286451204106123 0.0052264700441094492 -0.10141365671441951 -0.049027750231063642 -0.10102678300745865 0.042314341702001698 0.011301479507180051 -0.037669298834629314 0.010352870128198976 0.0051257559680810945 0.0071841617769386086 0.029536621052013136 0.056112502235491059 0.048569136537436206 0.011931889314190876 -0.10665567752345484 -0.017934093480673246 0.013311302151949134 -0.087117312494132987 -0.019302073997791953 -0.097639668040290881 -0.0092872926739567246 0.0066019055681786412 0.021117839615958617 -0.069182400691575538 -0.031148651858799999 0.035944682200184923 -0.10827769569834318 -0.066649594783423041 0.042297772134419459 0.03568272120797035 -0.13586078562720796 0.033678099525687004 -0.016917396008325893 0.0089324909826294513 -0.0044292188076497738 -0.063835466578745489 -0.03151090686298063 -0.0062190959783346138 -0.12307771534427192 0.013520287924995145 -0.079778784112313594 -0.031178482762462979 -0.0069963507905259903 -0.09836197276545644 -0.0076364912935248238 0.064960166398039906
leaf_weight=3431.7083653467125 37.210303758911323 847.79516136326129 683.89130699494854 311.29607043217402 3.0357536128722122 14.179738827631807 173.90105773194227 1069.8839051475516 7.9904348023119365 1415.0510732603725 7.3090638902503988 827.81735034170561 334.29754778841743 2300.7684027487412 331.08267762878677 1097.8635302389739 38.116191427805461 4.0056623414275236 1885.4859438803978 3.390289072180166 791.67095265747048 1052.0983551630634 399.08259362343233 30.436477420153096 35.223408574354835 25.081895576207899 356.77291604084894 1524.7194218105869 489.20139428786933 121.95298313279636 2.674820360261946 64.858098526019603 177.15432614134625 8.7861413492355478 117.41066919278819 4.3539533620933071 86.936011146870442 287.07591837487416 39.622024176293053 27.315498182433657 119.99768333544489 134.41558872070163 1.9532295425888149 12.899664729833601 4.0899159893160713 20.620517909526825 2.7380124395713201 119.88163983286358 284.68025036546169 117.90487932675751 160.50189214519924 22.705665141693316 112.84536397980992 135.13101141838706 1.5066650399239732 239.54968276253203 4.4307715717004603 1177.5422545580659 11.835669144988062 6.0020378079498178 40.813198454794474 11.429726232076062
leaf_count=1274161 616 378 173127 4041 210 3130 6341 310034 227 14466 1227 1937 15652 6323 75672 7002 3197 444 649760 100 2324 30479 105768 3210 1776 3003 1594 1169 767 3028 304 6806 3024 1310 11435 453 8855 17528 1489 4325 25592 1745 105 1215 103 111 139 783 31826 6372 12903 3617 19596 11963 138 7435 711 202459 613 676 2605 86
internal_value=-4.5723e-10 -0.0324599 -0.0404323 0.0330376 0.0259024 -0.0242452 0.0509299 -0.0478515 0.0448396 0.0165937 -0.0309983 0.0497534 -0.00692331 0.0340334 -0.036777 0.0284778 -0.0417452 -0.0263791 -0.0509739 0.0304637 0.035163 0.0102527 -0.0470436 -0.0254295 -0.0284027 -0.0404825 0.0383448 0.0536072 0.0462901 0.00672741 0.00938671 -0.014721 0.0307832 -0.0286493 -0.0247454 0.00145086 -0.00087646 7.89835e-05 -0.0120906 -0.0236071 -0.0245215 0.0131919 0.0209056 0.0104795 -0.0404226 0.0123572 -0.0269545 0.0215312 -0.0105383 -0.000601801 -0.0159995 -0.015206 -0.0215961 -0.0177285 0.00444316 0.0125352 -0.00362584 -0.0299786 -0.0117217 -0.00345847 -0.0192681 0.0283541
internal_weight=23212 11708.4 10686.7 11503.6 7169.29 3358.68 1021.7 7327.98 4334.33 3342.57 2416.56 2874.59 942.117 3826.72 1611.71 1525.95 726.438 1690.12 5716.28 1398.29 1459.74 1927.52 2284.57 396.743 366.306 1214.96 1148.44 2046.78 522.057 127.664 124.628 607.82 1394.9 140.377 131.59 482.514 445.303 440.949 153.874 114.252 145.08 1445.01 375.919 1069.09 16.9896 32.8556 12.2351 297.036 467.443 182.763 435.19 431.184 270.682 247.976 9.4971 241.503 42.547 1254.93 77.3897 70.0806 46.8152 23.2654
internal_count=3087485 2965450 2958731 122035 109588 509755 6719 2448976 12447 88814 433224 4488 76531 20774 419287 14451 177035 256189 2029689 10909 7959 74348 755528 80658 77448 338629 3918 2551 1382 3542 3332 60879 10809 15875 14565 33266 32650 32197 14669 13180 28595 41082 9285 31797 1318 615 504 3807 45004 13178 48523 48079 35176 31559 365 7540 3908 207666 5207 3980 3281 699
is_linear=0
shrinkage=0.05


Tree=16
num_leaves=63
num_cat=0
split_feature=4 0 1 1 0 3 3 0 2 1 3 0 1 1 2 1 0 2 1 0 2 0 0 2 2 3 2 2 3 1 2 1 1 0 1 3 1 2 2 0 3 3 0 2 3 3 2 3 3 3 1 1 0 3 2 3 2 1 2 0 1 1
split_gain=9291.13 2948.94 480.542 377.427 158.186 148.939 143.533 96.9439 88.912 83.673 67.6065 42.4289 39.8223 37.4722 35.3646 27.5679 25.66 23.0572 22.3342 16.1788 14.3867 14.223 13.8532 13.7862 13.0365 24.2763 17.331 12.6156 12.57 17.3409 12.3857 12.7565 12.3821 12.371 12.1595 16.6323 12.0194 11.8806 13.2362 12.0052 11.962 11.8674 15.6524 11.8644 15.5651 12.2226 11.7382 11.3887 15.2966 11.2921 11.033 10.9468 10.819 14.815 10.7697 10.3564 14.1928 11.9426 10.2994 15.309 13.2331 10.2758
threshold=1.0000000180025095e-35 0.99749696254730169 1.0000000180025095e-35 9.5796356201000012 0.99749696254730169 -1.0113126635499998 -0.40638962384999994 0.99202126264572121 6.5113930702500005 9.5796356201000012 0.91515421870000013 0.99030202627181974 6.6788682937500008 7.4557628631500004 5.7995538711500005 7.6502346992500012 0.99517691135406461 1.6520034671000003 6.2595348358000011 0.98981776833534219 3.7232221365000004 0.99505531787872259 0.98560228943824768 4.7972486019000007 3.7232221365000004 0.23694828150000002 5.0394237041500007 8.2642664909500017 1.9670250415500001 12.385969162000002 2.1035652160500002 3.5439828634000006 3.8868749142000003 0.99696221947669972 3.8522540331000004 -2.4074096679499997 4.7780065536500009 5.8678851127500007 6.1159505844000011 0.99483138322830167 -0.42370350659999995 0.26223824920000005 0.99659603834152222 4.3677124977000004 -0.95906108619999986 -0.91866838929999994 3.1523958444500004 -1.3086799382999998 -1.1054666637999997 -0.75889000294999986 3.6882588863500003 4.2181305885500011 0.99463641643524159 -0.67542445659999995 3.6992740631500003 1.5150524377500003 4.6940083504000008 5.4677062034500006 4.8242316246000003 0.99454283714294378 7.0692496299500016 2.9661970138500005
decision_type=2 8 10 8 8 10 10 10 10 10 10 10 10 8 10 10 10 10 10 10 10 10 10 10 10 8 10 10 10 10 8 10 10 10 10 10 10 8 8 8 10 10 10 10 10 10 10 8 10 10 8 8 10 8 10 10 8 8 8 10 10 10
left_child=1 2 7 8 9 -3 11 17 12 -5 49 15 21 36 -11 54 20 19 30 -1 -9 37 -14 33 25 -23 -26 -10 29 -12 31 -13 34 -18 35 -33 -8 -2 -39 40 -40 42 -16 -24 -45 -46 -35 -34 51 -6 -37 -49 -32 61 -4 56 -7 -57 59 -38 -60 -54
right_child=3 5 6 4 10 55 13 16 27 14 28 18 22 -15 41 -17 23 -19 -20 -21 -22 24 43 -25 26 -27 -28 -29 -30 -31 52 32 47 46 -36 50 58 38 39 -41 -42 -43 -44 44 45 -47 -48 48 -50 -51 -52 -53 53 -55 -56 57 -58 -59 60 -61 -62 -63
leaf_value=-0.053407666448746977 0.0066966669816622476 0.058865650740728831 -0.045557411921558211 0.0045496991101193233 0.058392450169399972 0.014084372358667822 -0.027798618779480956 -0.040692045965130472 0.028756136357259782 0.026795230744047629 0.031338098934282327 -0.083254354908745637 -0.087166300617448636 0.0060613567902567753 0.036838136300364678 -0.0022153297139709464 -0.031100440041290919 -0.041963431404421138 -0.016338436089710456 -0.047165241371670837 -0.025199488104681613 0.034988275850873961 0.015222152669898152 0.012115900345511287 -0.047815633461721976 -0.10897338610326622 0.016854820364347191 0.040840684479861972 0.028704749866647207 0.047960665669259529 -0.033250615226269195 -0.10659645407865839 -0.063676321973390307 0.011118298392801998 0.061973556984397639 0.049341476776586034 -0.025455626451160784 -0.1079615066867661 -0.0087385325145643289 -0.10486859670296683 0.046923137517231435 0.030850067572013192 0.046872389410649959 0.025985643536136745 -0.10201746130494858 0.013782622043775129 -0.079678397349336016 -0.091785662022024941 -0.096666925862539901 0.050424474122115918 -0.10705781829761495 0.015175612771104685 0.028907933598009378 -0.052595346733689652 -0.025688188652588335 -0.09324515317945703 -0.032582995614936043 0.019908520730311186 -0.014714348230106611 0.0040741431536513934 -0.056964253039110097 -0.019014671723681424
leaf_weight=3269.9547652077745 299.39869207737502 829.68714506359538 589.196953091654 245.27914964035153 735.96056193183176 34.686033041274641 137.80290730670094 1181.635126829322 629.54964635823853 1093.0859661348804 267.50008530472405 5.5046512160915873 3.104577357065863 333.93882052536355 2158.6414761487395 43.591723794175778 162.91593312780606 743.67244641570142 430.80021937616402 1520.6435632382054 171.61265548213851 85.423935843340587 1276.0471434722131 28.238969384343363 14.556220259808468 3.0323388901306307 35.93532562837936 328.74116297857836 299.95523586426862 379.4646387998946 929.30576636351179 3.2449605731526416 10.980399962747468 32.397231436916627 11.543670569313688 7.4914868710329756 59.00376862694975 3.3257653000764549 183.18601966937422 3.1075028388295314 10.189155889675019 599.52197843207978 473.97833331581205 803.11796409374801 2.2951182355172923 318.28259299474303 3.9989921342348671 2.6075881815049797 4.0694135654484844 1123.3562188674696 1.3274224059423412 28.94159598113038 11.885089749703182 32.44277572305873 77.127334019576665 2.3847673675045371 30.723166311800014 105.09387722145766 210.53560884151375 171.34685209789313 20.322102763107978 190.15962115078582
leaf_count=1288628 10854 378 158027 19437 402 1339 15875 343600 4627 8870 892 1227 222 15652 6655 3908 35942 213670 48523 527391 34829 1668 27752 3002 1274 447 923 901 824 508 177984 332 1026 1317 86 149 7422 247 14118 342 376 2927 826 9033 133 6415 597 364 509 1362 132 1382 306 4731 15100 298 2263 2441 23515 11266 2801 19438
internal_value=-1.87473e-10 -0.0318367 -0.0397111 0.03199 0.0386958 0.0500685 -0.0239822 -0.0470354 0.0196211 0.0329586 0.04804 -0.0304977 0.0154361 -0.00735947 0.0345697 -0.0407374 -0.0361151 -0.0501546 -0.0261456 -0.0514262 -0.0387274 0.00433348 0.0183847 -0.0205802 0.0184822 0.0300532 -0.00178904 0.0329017 0.0371652 0.0410877 -0.0295542 -0.00995833 -0.00421144 -0.0252127 0.0252898 -0.00981204 -0.0148414 0.000395366 -0.00904668 -0.0073724 -0.00580566 0.0371989 0.0386447 0.0185213 0.0222677 0.0129536 0.00114212 -0.0191571 -0.00543285 0.0535784 0.0258003 0.0063351 -0.030829 -0.0212318 -0.0432575 0.00785118 -0.00783562 0.0173978 -0.0109699 -0.00348984 -0.0184336 -0.0161957
internal_weight=22806.9 11430.8 10428.2 11376 7376.74 1002.57 3313.17 7115.07 3999.29 4570.51 2806.24 2380.22 3041 932.95 4325.23 709.916 1580.8 5534.27 1670.3 4790.6 1353.25 638.155 2402.85 227.551 138.948 88.4563 50.4915 958.291 946.92 646.965 1239.5 75.7112 70.2065 199.312 23.6075 12.0639 599.011 499.207 199.808 196.483 193.375 3232.14 2632.62 2399.74 1123.7 320.578 36.3962 46.599 35.6186 1859.32 8.81891 31.5492 1163.79 234.487 666.324 172.888 65.4092 107.479 461.208 230.351 230.858 202.045
internal_count=3087485 2965450 2958731 122035 42703 6719 509755 2448976 79332 38715 3988 433224 73804 76531 19278 177035 419287 2029689 256189 1816019 378429 30249 43555 40858 4312 2115 2197 5528 2224 1400 207666 5207 3980 37856 699 613 60879 25937 15083 14836 14494 10408 7481 43333 15581 6548 1914 3281 2255 1764 281 1746 202459 24475 173127 6341 3602 2739 45004 18688 26316 19744
is_linear=0
shrinkage=0.05


Tree=17
num_leaves=63
num_cat=0
split_feature=4 0 1 0 2 0 3 0 2 1 3 1 1 2 2 3 0 3 0 2 1 1 0 2 2 0 2 1 3 3 3 1 3 3 1 1 2 0 2 3 1 1 0 1 0 2 3 2 3 1 0 3 1 2 2 0 2 1 1 3 2 2
split_gain=8679.52 2801.62 460.22 391.003 202.755 146.396 136.548 92.4543 82.966 50.3133 48.0298 44.0163 40.9749 31.6309 24.5638 24.5561 22.5507 21.8785 21.0285 20.5338 17.9898 17.5091 16.3903 16.2529 15.5838 15.5998 15.2993 15.2355 14.8869 14.4286 14.045 14.0201 15.6599 13.9512 13.9347 13.687 13.357 20.4478 12.7756 12.5457 12.4928 17.7753 12.6248 12.3203 15.0106 24.3125 13.4526 11.74 14.8973 17.175 11.7099 13.1226 11.7307 11.4297 11.1409 16.079 11.127 18.0588 19.4951 11.0739 11.0507 12.2144
threshold=1.0000000180025095e-35 0.99749696254730169 1.0000000180025095e-35 0.99659603834152222 4.8850574493500014 0.99749696254730169 -1.0528512001499999 0.99202126264572121 7.2120532989500008 8.6349406242500013 0.57257652285000005 7.4557628631500004 7.1775269508500008 3.3897666931500008 8.2642664909500017 -0.89092493059999989 0.98909381031990018 -0.11936038359999999 0.98881179094314564 2.5733351707500005 7.7422988414500011 8.1675949096500009 0.99749696254730169 1.6520034671000003 6.3921122551000016 0.99696221947669972 8.9321832657000027 11.796072006200001 -0.079619277249999981 1.1460097432000003 1.6298171282000002 7.0692496299500016 -0.28289292754999995 1.9670250415500001 7.5018572807500012 6.6503243446500013 3.2713872194000007 0.99355676770210266 3.7232221365000004 1.1460097432000003 6.9983239174000014 6.8564984798500008 0.99436628818511918 6.5404136180500005 0.99146187305450417 4.4905934334000008 0.23694828150000002 3.2264211177500006 -1.4187024831999997 8.4591779709000026 0.9918566346168517 0.79564163090000017 6.1652591228500011 1.7484906315500002 2.48893892765 0.99454283714294378 7.7688174248000008 9.7685647011000025 8.3845911026000017 -2.5279023647499996 2.6520700455000004 2.2239516973500004
decision_type=2 8 10 8 10 10 10 10 8 10 10 10 10 10 10 10 10 10 10 8 8 10 8 10 10 10 10 10 10 8 10 10 10 10 10 10 8 8 10 10 10 10 10 10 10 10 10 10 8 8 10 10 10 8 8 10 10 8 8 8 8 8
left_child=1 2 7 4 9 -3 13 16 20 43 22 50 -6 18 17 38 -1 -14 21 59 31 -4 56 -18 25 -17 -12 28 -19 -22 -30 -5 -33 -28 -34 -21 37 47 -9 -13 41 42 -38 44 45 60 -46 48 -37 -50 51 53 54 -8 55 -52 57 58 -10 -20 61 -2
right_child=3 5 6 8 12 -7 11 15 10 -11 26 39 14 -15 -16 24 23 27 19 35 29 -23 -24 -25 -26 -27 33 -29 30 -31 -32 32 34 -35 -36 36 40 -39 -40 -41 -42 -43 -44 -45 46 -47 -48 -49 49 -51 52 -53 -54 -55 -56 -57 -58 -59 -60 -61 -62 -63
leaf_value=-0.052433696064981952 -0.12338720695615908 0.058357225476600397 -0.048617817494660674 0.022908248612915034 0.01079719057555765 0.0078026817270697817 0.059278460263571822 -0.041131172068254812 0.013635290870785516 0.021481942911801138 0.029223882734771302 -0.0031862989022007002 0.030317932799622527 -0.020371057103185763 0.036439851545228046 -0.029377807588268686 -0.047770417541490098 -0.11265310769285304 -0.087504944670090845 -0.037219971611508508 0.037420192367635739 0.018403053478365402 0.054772615334359967 -0.037007968264236697 0.048431594703602997 0.0045900006879756282 0.046256641642100665 0.031377308528811647 0.010983782290361423 0.025184426308723692 -0.10098598765736749 0.021411863106281563 -0.12070686030646637 0.029424496467584146 -0.016665658963270328 0.037218419703022448 -0.066500306073232526 -0.086189963122208141 -0.025077306397535578 0.01588629268343868 -0.044382394148097963 0.026971761953447023 0.020018295642188929 0.011056685961781327 0.0083332251214254926 0.042447831694737689 -0.091000498684461195 0.065358218486868611 -0.078104310065565577 0.039153161893137334 -0.051649977005759823 0.035839995379495261 -0.0072285704354187741 -0.0510443114899417 -0.022210818406491938 0.012231914496014244 0.04759600874116255 0.038218318691839358 -0.11598401705306496 -0.014125482282762307 -0.017880176393735073 0.038127016989827067
leaf_weight=2887.4419889609562 1.2708097131690008 808.58991956710815 314.62210712186061 55.249287757556885 248.19722861197079 174.02077277962235 2.4610365785192698 1022.7643872514018 9.984479320177341 1075.3319894386514 299.51583543466404 252.26440929644741 2128.4944752344745 466.22319353302009 1645.458140405477 340.53272648149868 2047.9466051151976 2.532508833333849 5.3024940063478425 883.08073065092321 766.34496977902018 10.056530339992603 1458.8199446366634 423.29590192355681 7.1643647846067315 37.525219394592568 573.45297415321693 104.71159058739431 192.64574107015505 351.42176006198861 2.8419842876028261 11.04213164560497 5.4358347980305535 156.75454595324118 7.8890821416862309 13.614542991505003 14.161580257525204 5.5630150010692878 141.01190811634297 130.99346593726659 61.836841289419681 18.661405934952199 6.0040922521147868 991.44833445458789 427.77283232222544 20.966973601985956 3.4357981913490212 9.2587228746851888 8.8389459481695649 4.8290327723370892 12.178747698431833 5.3975152081111437 289.22223271988332 50.983096977113746 489.9126182012551 51.518259816919453 439.26154828537256 67.7793092969805 4.0887949431780717 169.38066503941081 176.10303206855315 14.837868246948348
leaf_count=1146538 66 334 88228 1091 7106 6385 77 310034 305 11832 1503 15294 14368 70834 3690 78282 764062 126 836 199478 3428 587 1156 119089 474 1902 762 614 3243 2012 110 142 347 397 217 468 3125 858 28595 3837 9899 1881 344 26778 22483 481 883 178 1482 167 1607 281 24256 10131 57194 1907 672 280 135 16806 17588 220
internal_value=2.8725e-10 -0.0312234 -0.0390028 0.0310112 0.0238011 0.049404 -0.0235694 -0.046323 0.0430697 0.0130809 0.0474985 -0.0108619 0.0305213 -0.0317686 0.0317221 -0.035564 -0.049433 0.0285291 -0.0352526 -0.0321994 0.0319377 -0.0465419 0.0520537 -0.0459269 -0.0246218 -0.0260062 0.03874 0.0159522 0.00779558 0.0335733 0.00935598 0.00897401 -0.0226202 0.0426433 -0.0591088 -0.0348978 -0.0205341 0.00311326 -0.039186 0.00333251 -0.0304249 -0.008196 -0.0407404 0.00755844 0.00217608 -0.00867736 0.00754175 0.0167087 0.000198805 -0.0366761 -0.0168952 -0.0384602 -0.0153897 -0.0459641 -0.0196532 1.78173e-05 0.0444421 0.0275168 -0.0240238 -0.0163529 -0.0142542 0.0253852
internal_weight=22409.7 11166.7 10184 11243.1 7036.05 982.611 3276.37 6907.68 4207.04 2711.17 3009.66 1284.93 4324.88 1991.43 4076.68 1549 5358.68 2431.23 1525.21 1200.53 1197.38 324.679 1979.93 2471.24 385.222 378.058 1029.72 302.732 198.02 1117.77 195.488 79.6163 24.367 730.208 13.3249 1025.85 142.768 42.1043 1163.78 383.258 100.664 38.8271 20.1657 1635.84 644.387 213.179 431.209 36.5412 27.2825 13.668 901.674 58.8416 842.832 53.4441 553.61 63.697 521.114 81.8526 14.0733 174.683 192.212 16.1087
internal_count=3087485 2965450 2958731 122035 109588 6719 509755 2448976 12447 80331 5210 114584 29257 395171 22151 419287 2029689 18461 324337 235522 7237 88815 2548 883151 80658 80184 2662 4093 3479 5440 3353 1797 706 1159 564 217880 18402 3153 338629 19131 15249 5350 3469 68499 41721 18355 23366 2295 2117 1649 95453 10489 84964 10208 60708 3514 1392 720 440 17642 17874 286
is_linear=0
shrinkage=0.05


Tree=18
num_leaves=63
num_cat=0
split_feature=4 0 3 0 2 1 1 1 3 0 2 2 0 1 0 3 2 2 1 0 1 2 0 1 2 1 3 0 1 0 1 0 2 1 2 3 2 3 3 3 2 3 2 2 1 2 2 3 2 1 3 0 2 1 1 2 2 1 1 1 0 1
split_gain=8128.44 2666.59 527.575 390.664 221.684 149.454 98.7793 74.397 71.5165 50.8538 37.836 31.4065 30.4646 30.1587 31.7415 29.4065 24.1948 22.6842 18.4239 15.3436 14.8955 14.0116 13.9004 13.7591 13.5742 13.4922 12.8712 14.5648 15.3262 13.6695 12.697 12.6957 22.8988 12.5871 12.5139 12.1593 11.6633 13.8649 15.2578 11.6523 11.3806 10.9899 10.9788 10.733 10.5808 16.451 13.1455 12.0504 12.299 12.2161 15.2198 13.1076 11.5977 12.4421 11.0664 10.4743 16.7943 10.3929 15.294 10.363 19.1403 10.256
threshold=1.0000000180025095e-35 1.0000000180025095e-35 -1.0528512001499999 0.99696221947669972 5.7348122597000009 9.5796356201000012 5.7460863590000004 8.0259971618500021 0.19018302855000002 0.98975870013236966 8.9321832657000027 3.5797259808000006 0.99421235918998674 7.1775269508500008 0.99082851409912076 1.3381136656000001 7.4548234939500011 7.2120532989500008 10.916908264200002 0.99390479922294572 7.1775269508500008 2.5321538448500003 0.98981776833534219 3.1571528911500004 2.8228577375500006 9.1746740341500015 1.0001577735000002 0.99574175477027871 10.916908264200002 0.99529263377189625 8.8421487808000006 0.99320301413536072 3.7487190961500008 6.9983239174000014 3.7896949052500006 1.9670250415500001 2.0568912029500006 -0.72732186319999992 -0.44450221954999997 -1.8933705091499997 2.2951924801000003 1.7673547267500003 3.6992740631500003 1.7926350832000002 5.6709265708500007 3.7100044489000004 2.3946442604500002 -1.8819945454499998 4.6214783191500013 5.1971142292000012 -1.4401800632499999 0.99337649345397916 4.4905934334000008 4.921735763550001 5.0162994861500012 2.2583487034000007 2.3438405990500004 3.71019268035 3.9804507494000005 3.1027857065000002 0.99252548813819874 3.9056440592000006
decision_type=2 10 10 8 10 8 10 10 10 10 10 10 10 10 10 10 10 8 10 10 10 8 10 8 8 10 10 10 10 10 10 10 8 10 8 10 10 8 8 10 8 10 10 10 10 10 8 8 10 10 8 10 10 8 10 10 10 8 8 10 10 10
left_child=1 -1 5 4 7 13 12 36 17 -7 18 -11 23 14 42 30 20 -5 -10 25 -6 -14 -13 59 -23 34 29 -28 -29 -18 31 32 -8 44 -15 -12 37 -2 -39 -31 -21 -20 -3 -40 45 46 61 -47 49 50 -49 52 53 -52 -55 -38 -57 -25 -59 60 -4 -16
right_child=3 2 6 8 16 9 15 -9 10 11 35 22 21 19 33 -17 26 -19 41 40 -22 24 -24 57 -26 -27 27 28 -30 39 -32 -33 -34 -35 -36 -37 55 38 43 -41 -42 -43 -44 -45 -46 47 -48 48 -50 -51 51 -53 -54 54 -56 56 -58 58 -60 -61 -62 -63
leaf_value=0.05784922130713941 0.012274722928220308 -0.043502325812160222 0.025177048202104025 0.039054252991570157 0.0087362263611209003 -0.051100817370614143 0.004280900356182591 0.021053737798618907 0.022084401366835694 -0.043681336981198221 0.04709971069350237 0.0351074610649727 0.0027739462275692506 0.0070627126003595386 0.0032252258124962868 0.012386842516801361 0.032300508532907932 0.053410480875120181 0.03995331452530354 0.050669038867433215 0.028054056480804036 -0.072633917639741988 -0.027624925354187164 -0.078096488341072037 -0.019321412541936263 0.034988953430917992 0.034994522902028556 -0.10319450168007092 0.0050084521684509199 0.05314699747246613 0.0075151326429936521 -0.0077257522770199224 -0.050584012684531943 -0.072100098751676098 -0.022825402989866891 0.031423154571033445 0.044059290870401252 -0.075652505322944263 -0.0022786301527922825 0.037757480074957731 -0.061619466002038339 0.024443905831239295 -0.024335075868977599 -0.12172802491174586 -0.018446748017060723 0.0063580630407550969 -0.036454287041054481 -0.065046984658169119 -0.054347549749795658 -0.060735115531362675 -0.059913638031994537 0.033557342428982666 0.045732883373371183 0.05692797779848955 -0.072082485744760574 -0.11194344390518454 0.0094139985473824187 0.0019115986891399624 -0.038415219136367723 0.051652159870130859 -0.10088837433382086 -0.031268130289976263
leaf_weight=789.31786060333252 187.37537030508975 632.65970843244577 7.9737626061541977 339.93359870393761 107.97609773697332 3366.3776241804007 31.101856854162179 1959.3879452951369 419.70282302680425 2586.8518195106299 709.80967921717092 9.154639854677951 73.255031321314164 55.833803371351678 39.776743995025754 250.51274708349956 1385.16597872891 1444.0004051917931 428.33865522686392 2.5235756952315569 1315.940482087899 12.212551129516212 249.34848217060789 15.051756010449024 534.53725087409839 17.269158150069416 53.643666667398065 3.5413767313584676 43.125436405651271 143.87413593102247 113.37182142608799 469.81779424462002 48.948841926467139 15.645228099892845 93.953372293675784 149.79836190212518 21.853746791486628 7.324572374811396 402.37196776503697 847.71089958725497 21.320897358411461 155.75409018923528 84.71339787292527 1.8894214050378639 271.82500352861825 46.069349021185189 529.46280747361016 9.0024303451646102 25.712345045001712 11.759228516719302 14.992796695092691 22.96326123282779 5.8435830131638786 5.4736864579608726 2.3871842580847442 2.8591777826659373 974.16358449397376 25.188005456875544 353.16155982058262 7.4763453216291955 4.8375934831565246 47.029264519980643
leaf_count=334 7333 178505 724 1397 2825 1385954 2071 23629 3630 887250 853 626 4262 3790 2478 7566 4086 1443 1122 63 9875 2333 59334 2646 75702 616 266 79 321 169 4960 38552 7760 2976 12987 351 195 1074 30231 1995 3730 535 16972 97 41246 3827 108260 1540 5098 2489 2764 1410 358 252 501 158 30371 2174 88195 177 546 4422
internal_value=4.14253e-11 -0.0306636 -0.0375704 0.0301091 0.0235511 -0.0431461 -0.014185 0.014524 0.0435192 -0.0469416 0.0366687 -0.0420208 -0.0247724 -0.0310939 -0.0331355 -0.00220794 0.0317828 0.0506749 0.0300755 -0.0122151 0.0265892 -0.0177609 -0.0254033 -0.0352807 -0.0205122 -0.0068597 0.0347683 0.0172243 -0.00320268 0.0355088 -0.00772054 -0.0108618 -0.0292675 -0.0275882 -0.0116845 0.0443679 0.00651667 0.00100007 -0.00413273 0.0399904 -0.0497354 0.0358176 -0.0412389 -0.00283691 -0.0269136 -0.0299401 -0.0334974 -0.0147373 -0.0246406 -0.0140936 -0.00505238 0.00540236 -0.017127 -0.0332 0.0177502 0.00982461 0.00905886 -0.0373515 -0.0357305 0.00487331 -0.0224255 -0.0154624
internal_weight=22010.3 10904.7 10115.4 11105.5 7458.2 8167.95 1947.45 3557.23 3647.34 6211.73 1863.4 2845.35 1033.69 1956.22 1765.32 913.753 3900.98 1783.93 1003.8 190.901 1423.92 620.005 258.503 413.689 546.75 167.056 2477.06 100.31 46.6668 2376.75 663.24 549.868 80.0507 1047.94 149.787 859.608 1597.84 598.961 411.586 991.585 23.8445 584.093 717.373 404.261 1032.3 760.473 616.269 144.204 98.1345 72.4222 60.6629 51.6605 28.6973 22.8537 7.86087 998.877 977.023 393.401 378.35 20.2877 12.8114 86.806
internal_count=3087485 2965450 2965116 122035 112704 2727448 237668 93088 9331 2333164 6491 947210 176759 394284 373098 60909 19616 2840 5287 21186 12700 82297 59960 94462 78035 17393 6916 666 400 6250 53343 48383 9831 177621 16777 1204 69459 38735 31402 2164 3793 1657 195477 30328 174645 133399 115160 18239 14412 9314 6825 5285 3875 3517 753 30724 30529 93015 90369 1447 1270 6900
is_linear=0
shrinkage=0.05


Tree=19
num_leaves=63
num_cat=0
split_feature=4 0 3 0 2 1 1 2 1 0 3 2 1 0 0 0 2 1 1 2 3 0 1 1 3 1 2 3 2 2 2 3 2 2 3 2 1 2 1 1 3 2 0 2 0 1 1 1 1 3 1 2 3 1 2 2 3 0 1 1 2 0
split_gain=7630.03 2542.81 498.414 382.505 194.434 141.127 90.1857 88.5648 63.9469 50.3453 47.5327 30.9945 29.6514 27.346 26.5792 25.7177 22.0153 17.6954 17.6624 17.6324 16.1449 15.6941 15.2503 15.2254 13.9574 13.841 12.7195 12.4777 12.2103 11.7084 11.3831 11.9871 11.0483 11.1422 11.0013 10.9201 14.7 10.4037 10.822 16.357 12.0628 12.0761 14.0481 14.5134 15.9635 11.3451 15.3206 10.526 10.3383 9.91848 9.82772 11.0874 12.0094 12.8678 9.60372 15.2919 13.8816 20.8547 11.1829 9.51467 9.39284 20.9773
threshold=1.0000000180025095e-35 1.0000000180025095e-35 -1.0528512001499999 0.99659603834152222 5.7995538711500005 9.5796356201000012 5.7460863590000004 7.2120532989500008 8.4591779709000026 0.98975870013236966 0.19018302855000002 3.5797259808000006 6.4836039543500013 0.99082851409912076 0.99610862135887113 0.99421235918998674 7.4548234939500011 3.1571528911500004 6.6788682937500008 8.9321832657000027 1.9670250415500001 0.98981776833534219 9.1746740341500015 9.1746740341500015 0.28585800530000005 7.2836048603500005 2.2583487034000007 1.1460097432000003 3.7100044489000004 3.8414573669500003 2.8228577375500006 1.7673547267500003 2.5321538448500003 2.8228577375500006 -2.4074096679499997 7.2120532989500008 12.385969162000002 2.5733351707500005 3.9056440592000006 3.8688482046500003 -1.1294083595499997 2.5595303774000002 0.99242612719535772 2.0342020988500003 0.99146187305450417 5.5862703323500007 5.7460863590000004 4.4673337936500017 7.2469453812000006 1.2693654894500002 5.1971142292000012 4.6214783191500013 -2.2065064906999994 4.5406205654000011 3.2815898656500004 3.3148703575000003 -0.045071490099999993 0.99542945623397816 8.7311124801500011 8.8421487808000006 3.2501549721000003 0.98834934830665566
decision_type=2 10 10 8 10 8 10 8 10 10 10 10 10 10 10 10 10 8 10 10 10 10 10 10 10 10 8 8 10 10 10 10 8 8 10 10 8 8 10 10 10 10 10 10 10 8 10 8 10 10 10 10 10 8 8 8 10 10 8 10 10 10
left_child=1 -1 5 4 8 12 15 22 18 -7 34 -11 13 -3 30 17 25 -4 24 -12 -21 -13 -5 -14 26 48 -2 -24 37 54 31 -8 -17 -34 -9 36 -36 38 39 -15 41 42 43 44 -40 -44 -47 -46 -6 -27 51 -30 -53 -54 -10 -56 -57 58 -58 -16 61 -28
right_child=3 2 6 7 16 9 14 10 29 11 19 21 23 28 59 32 -18 -19 -20 20 -22 -23 27 -25 -26 49 60 -29 50 -31 -32 -33 33 -35 35 -37 -38 -39 40 -41 -42 -43 45 -45 47 46 -48 -49 -50 -51 -52 52 53 -55 55 56 57 -59 -60 -61 -62 -63
leaf_value=0.057397981125068324 0.037472650602692316 -0.041493424508407345 0.010019201193991746 0.01900042139656731 0.0095860000782374173 -0.050479697801983192 -0.023413639494284766 0.059404422993893563 0.023507049742540604 -0.043001098334142576 0.030261707664532463 0.034438818535875569 -0.019952569236619942 -0.015458121577354086 0.0020414740047796105 0.00015169290703009183 0.033502125543214009 -0.036645003588918354 0.011489937618056995 0.045913267132391425 0.028027174950774628 -0.027355963046739484 0.036926441012043731 0.026948616381477698 -0.089418841794492332 0.027104027921094564 -0.069038450506314394 0.024554463388437225 0.00074504077216608854 0.024713837748074799 -0.0048072462837515616 0.036156523332595884 -0.069735876836868188 -0.019385713339885716 0.026862788880758492 0.050377744333366392 -0.17128783093992173 -0.033717446221490831 -0.099994482434779736 0.052049093107642941 0.040122429007685881 0.03758994291683726 -0.088481140441902362 -0.056744021624741847 -0.097150170012714046 0.035522456915708094 -0.090530489403496894 0.037615906956106032 -0.12599224702589021 -0.039277917598691238 -0.031680173279819861 -0.073509170459842774 -0.073498932219475274 0.021705868692526928 -0.12152086676834416 0.014751250814250405 0.012297664454839445 0.0042654635224596829 -0.1194716383285781 0.01910645978979687 0.0071602846747181263 -0.0021977331725129149
leaf_weight=769.57319307327271 24.549484324990772 648.08412418380613 21.453217317874078 254.09031890879851 102.70405739929993 3253.1854433213593 168.79122247680789 373.21250595524907 267.22758666879963 2517.5273121852661 398.97664011351299 10.721671521198003 329.89733523654286 40.209081368695479 276.96336311084451 74.131056505488232 2202.0711942783091 383.1433541260194 1076.7703948220587 746.97359166946262 151.80747251200955 246.52588321268559 616.52566946065053 18.26161984319333 4.1920752590522161 1132.98936120898 12.09594671812374 304.425715822028 89.404604885843582 914.94516305672005 338.74212837987579 8.889675035257822 11.218985654006245 533.02398001577239 31.451204862212762 1193.827253206633 0.96468631573952635 608.97210529545555 2.9698226137552437 11.55080941529013 5.6817079945467404 5.2228278489783397 19.9458468905068 15.643759069149381 1.5938185004051773 5.2313053843099642 4.4704482284141704 15.936738952528687 1.4255990730598558 5.6551939919590941 68.907878789119422 11.861652396386491 5.1324395263800398 11.505199389008341 2.1528478374239057 387.09410530119203 2.1530289351940155 24.988531101029366 6.3856800904031825 115.84604678419419 330.41619507090945 397.03683540012571
leaf_count=334 259 185171 1447 3699 2626 1385954 16486 162 2110 887250 1868 626 45184 3039 14165 4262 6323 93015 27260 985 397 59334 2100 743 1072 8460 2639 1438 8708 8643 27197 164 2333 75702 388 1342 68 126941 351 145 189 206 3204 2194 191 196 648 357 64 189 12343 2411 967 1096 94 5873 71 466 338 2897 13731 29370
internal_value=-3.15074e-10 -0.0301439 -0.0369622 0.0292729 0.0220966 -0.042499 -0.0141857 0.0414232 0.0137065 -0.0462596 0.0461191 -0.0413119 -0.0306954 -0.0336189 -0.00272779 -0.0243697 0.0304993 -0.0341707 0.00735765 0.0390092 0.0428922 -0.0247805 0.0298448 -0.0174925 0.00156619 0.0251786 0.00206536 0.0328368 -0.0280973 0.0210052 -0.0101835 -0.0204332 -0.017957 -0.0204236 0.0518879 0.0496002 0.0209659 -0.0309898 -0.018059 -0.000393117 -0.0299812 -0.03559 -0.0413993 -0.0204742 0.00720325 -0.0669098 -0.0225612 0.0253634 0.00772985 0.0267743 -0.016679 -0.00791177 -0.0350689 -0.00766326 0.0160875 0.0113977 0.012078 -0.018786 -0.0862461 0.00707422 0.000890012 -0.00417387
internal_weight=21617.3 10650.2 9880.65 10967.1 6894.85 7948.44 1932.2 4072.26 3450.01 6027.96 2897.21 2774.77 1920.48 1572.32 909.232 1022.97 3444.85 404.597 1845.06 1297.76 898.781 257.248 1175.04 348.159 768.291 1242.77 764.098 920.951 924.24 1604.95 516.423 177.681 618.374 544.243 1599.46 1226.24 32.4159 737.428 128.456 51.7599 76.6963 71.0146 65.7917 36.1441 20.5004 29.6476 9.70175 17.5306 104.13 1138.64 186.812 117.904 28.4993 16.6376 690.002 422.774 420.621 33.5272 8.53871 392.809 739.549 409.133
internal_count=3087485 2965450 2965116 122035 109588 2727448 237668 12447 91926 2333164 5210 947210 394284 348357 60909 176759 17662 94462 74331 3250 1382 59960 7237 45927 47071 11339 45999 3538 163186 17595 43847 16650 82297 78035 1960 1798 456 137661 10720 3184 7536 7347 7141 3093 899 4048 844 548 2690 8649 25525 13182 4474 2063 8952 6842 6748 875 409 17062 45740 32009
is_linear=0
shrinkage=0.05


Tree=20
num_leaves=63
num_cat=0
split_feature=4 0 3 0 2 1 2 1 0 3 1 2 2 1 2 3 0 0 2 2 1 0 1 1 3 1 0 1 0 3 3 2 0 1 1 1 2 3 0 0 1 0 1 0 0 0 3 0 1 0 3 2 3 1 2 3 1 1 2 3 0 3
split_gain=7148.7 2423.62 468.188 377.907 183.738 139.154 92.8568 85.1207 49.0729 47.6247 47.5808 36.7245 28.8269 27.861 26.7629 24.7723 22.1737 19.4299 16.3313 16.0974 15.8167 15.4385 15.0709 14.973 14.8821 14.6532 14.3292 13.994 11.9033 11.7905 11.4194 11.2226 17.0684 11.6197 14.8766 11.2045 10.9988 14.4185 23.7396 14.8189 16.9395 11.8457 10.8956 10.8813 36.9358 10.8545 10.4312 10.4092 10.3342 10.3283 15.5185 18.7415 13.5476 14.505 13.3468 17.6975 20.27 16.866 12.7566 12.3217 12.0101 11.4079
threshold=1.0000000180025095e-35 1.0000000180025095e-35 -1.0528512001499999 0.99659603834152222 4.8850574493500014 9.5796356201000012 7.2120532989500008 5.7460863590000004 0.98975870013236966 0.57257652285000005 8.6349406242500013 7.4548234939500011 3.5797259808000006 7.1775269508500008 3.3897666931500008 1.3381136656000001 0.99421235918998674 0.98881179094314564 2.5733351707500005 8.9321832657000027 8.1675949096500009 0.99749696254730169 9.1746740341500015 4.7049548626000002 0.26223824920000005 3.1571528911500004 0.98981776833534219 6.6503243446500013 0.98677667975425665 -0.74315482379999986 -1.2490309476499999 3.2713872194000007 0.99355676770210266 6.9983239174000014 6.8564984798500008 10.916908264200002 2.7745139599000006 0.66179871560000014 0.99574175477027871 0.99505531787872259 9.0456075668000029 0.99405291676521268 2.2447462082000005 0.99454283714294378 0.99445441365241971 0.99436628818511918 1.9670250415500001 0.99463641643524159 9.1746740341500015 0.99445441365241971 -1.9361904859999999 2.7623629570000001 -0.86205407979999993 6.4836039543500013 3.6354871988000004 -1.4609857797499999 5.4677062034500006 5.4137206077500011 3.4879052639000006 -1.8391146063999997 0.99428731203079224 -2.9289343357499997
decision_type=2 10 10 8 10 8 8 10 10 10 10 10 10 10 10 10 10 10 8 10 10 8 10 8 10 8 10 10 10 10 8 8 8 10 10 10 10 10 10 10 8 8 8 10 10 10 10 10 10 10 8 8 10 10 10 8 8 8 10 8 8 8
left_child=1 -1 5 4 10 14 22 16 -7 21 28 13 -10 23 17 36 25 20 -19 -11 -3 -8 -5 -6 -25 -4 -14 -20 -2 43 -24 32 -29 34 45 -31 37 38 -9 41 -41 -39 -18 44 -15 -33 -21 -47 -16 52 51 -51 53 54 58 56 -56 -57 60 -52 -30 -55
right_child=3 2 7 6 11 8 9 15 12 19 -12 -13 26 29 48 -17 42 18 27 46 -22 -23 30 24 -26 -27 -28 31 49 35 -32 33 -34 -35 -36 -37 -38 39 -40 40 -42 -43 -44 -45 -46 47 -48 -49 -50 50 59 -53 -54 61 55 57 -58 -59 -60 -61 -62 -63
leaf_value=0.056990466323530491 -0.052740239037904438 -0.046757385244706212 0.0061908320099039633 0.017900723803411355 -0.10075664232804921 -0.049896937916527578 0.042626626169610264 -0.024556995979377595 -0.042369015015959709 0.026668021702060386 0.019275314194153806 0.032274355165370458 0.031364158310179774 0.024642529895426937 -0.02051938382009379 0.010429650905643014 0.039694754459115272 -0.016047191067832072 -0.035305881837130723 0.04391020309018652 0.018154292204686503 0.052944223772591836 0.049821499819623132 0.0091693345096083064 -0.095944674317559833 -0.035751147566904791 -0.027189669581855588 0.016390502171851493 -0.0048216577140653494 0.010667896514879011 0.029988032596206443 -0.063762938487946771 -0.082896440600571303 -0.041621289903055948 0.023785096914939491 0.028258409472188745 -0.0035443126428563372 -0.079455441969948137 0.013355400736864448 -0.090680397331801554 0.011837185692100049 0.022690905942778099 -0.01900835573555484 0.033298842593219379 -0.11945669655815423 0.057868610398738987 0.028932954959948881 -0.090327860122458262 0.03054535488428381 -0.13157133706102125 -0.068887635204117004 0.033601680786590565 -0.024001943962630102 -0.10508866404319835 0.013294679640166727 -0.036524487467746732 -0.093912315519047551 0.026206050508221897 -0.06414303898806184 0.0086274700003118251 -0.09823599636969356 0.0094533253665748888
leaf_weight=749.52677249908447 8.7160550684202445 290.72018823109102 22.053117883333471 251.87468439096119 3.2462285223882645 3138.3387884236872 493.69210754672531 118.62578439625213 2450.9790099349921 288.55862123484258 1038.5904862911266 2183.7076845738338 10.917779455310663 930.40381272579543 438.63872482109582 247.05501964251744 8.0085957426344976 169.47810138534987 831.88162844971521 545.93223851593211 9.6975073094363307 1365.0620638707187 79.512005446245894 206.33020943967858 3.4231749470345667 373.77107020176481 243.05298653995851 35.204080155410338 322.2155899865902 243.27654711727519 831.82703190553002 12.94657633174211 4.9354499080218366 57.273893956327811 20.048612023179885 144.1764949625358 436.39910429512383 3.8878680128836978 63.336256095557474 19.028935624519363 5.1119055873714414 10.51345559064066 607.37377145828214 467.15444747800939 4.4683276754803947 4.3644256884581401 147.70941342215519 1.6264674848644061 10.136723033734595 1.7495987156871704 5.2235996350646019 93.248073286551517 42.864324604393914 2.1804738749051467 9.8812705067684856 12.060641859337919 7.9615701315924552 96.037831677531358 9.6531040134141204 276.38360711825953 3.4779266269761129 707.92394163785502
leaf_count=334 873 88228 1447 3699 255 1385954 1392 12585 887250 1503 11832 6323 626 7607 69866 7566 111 17621 199487 762 528 1156 104 6054 549 93015 59334 2248 26459 4518 3434 3125 840 9708 1881 1056 34080 589 2855 2393 150 691 82186 2757 138 84 397 260 408 85 310 1480 3348 124 317 803 762 3276 778 10691 399 18794
internal_value=-4.16257e-10 -0.0296176 -0.0363477 0.0284316 0.0212767 -0.0418308 0.0406258 -0.0142161 -0.045643 0.0454979 0.0109421 0.0277897 -0.0407075 0.0228993 -0.0300257 -0.00306722 -0.0241825 -0.0333521 -0.0303657 0.0365923 -0.044662 0.0502038 0.0287265 0.00580469 0.00745387 -0.0334144 -0.0246725 -0.0328719 0.00553134 0.024934 0.0317185 -0.0180275 0.00418244 -0.0272888 -0.00623314 0.0172136 -0.00814327 -0.017245 -0.0113607 -0.0450258 -0.0689719 -0.00488514 -0.0182444 0.0270676 0.0239538 -0.0380127 0.0407208 0.0176348 -0.019366 0.0058506 0.0130847 0.0305596 0.00360695 0.00461723 -0.00228601 0.0115922 -0.0345417 0.0192071 -0.00749806 0.00718962 -0.00581919 0.00910161
internal_weight=21223.5 10394.9 9645.41 10828.5 6824.36 7730.24 4004.17 1915.16 5843.29 2840.95 2638.17 4186.19 2704.95 2002.48 1886.95 903.958 1011.21 1438.18 1137.76 982.2 300.418 1858.75 1163.21 213 209.753 395.824 253.971 968.281 1599.58 1789.48 911.339 136.4 40.1395 96.26 38.9861 387.453 656.903 220.504 181.962 38.5422 24.1408 14.4013 615.382 1402.03 934.872 18.9375 693.642 5.99089 448.775 1590.86 376.605 94.9977 1214.26 1171.39 461.288 125.941 17.8428 108.098 335.347 281.607 325.694 710.104
internal_count=3087485 2965450 2965116 122035 109588 2727448 12447 237668 2333164 5210 80331 29257 947210 22934 394284 60909 176759 324010 235254 2662 88756 2548 7237 6858 6603 94462 59960 217633 68499 16076 3538 18146 3088 15058 5350 5574 53343 19263 15440 3823 2543 1280 82297 10502 7745 3469 1159 344 70274 67626 12566 1565 55060 51712 32794 5158 1079 4079 27636 11001 26858 18918
is_linear=0
shrinkage=0.05


Tree=21
num_leaves=63
num_cat=0
split_feature=4 0 1 0 2 0 3 3 1 0 0 1 2 1 1 3 0 2 1 2 3 2 2 2 1 2 2 1 3 3 3 2 2 0 1 0 1 1 2 2 3 3 2 1 0 0 1 1 1 2 2 0 1 3 0 0 1 1 3 3 3 0
split_gain=6693 2311.52 444.521 372.277 223.115 122.397 113.708 72.1368 65.7422 40.3004 39.5791 34.587 34.3028 25.0107 18.3352 19.6795 17.9065 17.2115 17.0258 18.8257 21.1371 15.8417 15.4466 15.1716 15.089 14.5941 14.3208 14.0437 13.8564 12.5652 12.3401 12.1994 12.8603 18.2978 15.9211 12.5321 11.8192 11.4804 18.4862 11.451 11.7003 11.4191 11.3851 11.1949 11.142 14.3965 11.1065 11.052 17.2897 12.7486 11.3441 11.0075 10.927 10.9218 11.4564 14.6357 14.5315 11.8581 10.5659 10.5507 10.4965 10.38
threshold=1.0000000180025095e-35 1.0000000180025095e-35 4.3938341141000015 0.99749696254730169 5.7995538711500005 0.99092754721641529 0.48539993170000001 0.75774592160000009 8.4591779709000026 0.99276977777481068 0.99493658542633023 7.1775269508500008 8.9321832657000027 3.9056440592000006 9.7685647011000025 1.4125910997500002 0.9947320520877837 6.3921122551000016 3.7531179189500006 2.5733351707500005 -2.2952568530999993 6.8185496330500008 4.4485876560500008 3.4121056795000002 2.2447462082000005 2.1035652160500002 3.8141752481500002 6.6788682937500008 0.63187745215000013 -2.6888571977499995 0.16998022795000003 2.6628723144500004 3.2501549721000003 0.99309298396110524 4.7488431931000017 0.98834934830665566 3.5203139782000004 8.0259971618500021 4.7433722019000006 4.5098071098000005 -0.15572600064999997 -2.8053436279499997 3.6354871988000004 9.970943450950001 0.98785862326621965 0.98593878746032659 8.8421487808000006 5.6880013943000014 5.1971142292000012 3.0584453344500004 3.0951653719000007 0.98688468337058965 4.7647895813000014 0.12721653280000003 0.9916553795337677 0.99146187305450417 3.6188410520500001 3.6658142805000007 -0.24762415889999997 0.28585800530000005 -2.1932777165999995 0.98943290114402771
decision_type=2 10 10 8 10 10 10 10 10 10 10 10 10 8 10 10 10 8 10 8 8 10 10 10 8 8 8 10 10 8 10 8 10 10 8 10 8 10 10 10 10 8 10 10 10 10 10 10 10 8 8 10 10 10 10 10 8 10 8 10 10 10
left_child=1 -1 5 4 8 23 9 17 27 11 13 25 14 18 15 -6 -14 -5 53 -20 -21 37 24 36 -12 60 61 28 31 -11 44 -2 33 34 -33 -36 -3 38 -9 40 -27 -34 -15 -8 45 -16 58 48 49 52 -51 -38 -31 54 55 56 -7 -58 -28 -52 -4 -13
right_child=3 2 6 7 12 10 43 21 -10 29 22 26 16 42 30 -17 -18 -19 19 20 -22 -23 -24 -25 -26 39 46 -29 -30 47 -32 32 41 -35 35 -37 51 -39 -40 -41 -42 -43 -44 -45 -46 -47 -48 -49 -50 50 59 -53 -54 -55 -56 -57 57 -59 -60 -61 -62 -63
leaf_value=0.056628517259120673 0.024519622317789081 -0.031501461019563234 0.0079084494823140096 0.035156427808885844 0.022062803295203399 -0.071386126405352079 -0.0005026381193779908 -0.13087344438092985 0.019964311182570506 -0.077156913826379903 0.047038401206860134 -0.041017470927934965 0.028089260546699548 -0.039543111673503724 0.031986914827687452 -0.10980328082510027 0.039978004227376226 0.051545328832984197 0.032886430505965895 0.032018367693928455 -0.04141350110654015 0.037562534922908827 0.0058840193206239491 -0.033957326648876872 -0.024655526608668377 -0.040579247620252022 -0.070659492623652648 0.01027113447338486 -0.099149146405821342 -0.081886192384085607 0.020973081238193129 -0.078291545910681118 -0.10067797495286518 0.0071932826770458652 -0.066390761796002284 -0.0096742192531482363 -0.053012036079081698 0.026612853217956395 0.0092193785021253138 -0.017473077108408269 -0.0030122370997274902 0.0079519165703768567 -0.027811274556190587 0.020601367537413318 0.032500798019411713 -0.099074911400818574 0.0065654422889342718 -0.011359898562436483 -0.039256424416776264 0.062413366138003558 -0.010772769917823243 -0.046950568004577781 -0.021781315206379753 0.012473569613465992 -0.041866046555801451 0.010385011541750614 0.055722608558262915 -0.070743801498489509 -0.022445606243086409 -0.076583543339796681 -0.089697563559817062 0.017490715696866055
leaf_weight=729.26103520393372 55.845418425044045 105.45716196630383 27.485063002211977 179.21073487133253 1111.4243456228869 15.42717132985126 504.94167673483025 2.9229045736137769 1810.4895428864402 8.369253174052572 7.5000966705847532 8.8677298662951198 466.07686694036238 1788.7071477316786 4.8340491196140629 2.8365721835289142 988.36143572768196 1510.0720525239594 26.010702251223847 13.824852281250058 33.659183599113021 725.47915148944594 52.872575048415456 201.04995907493867 341.6550775875221 603.39630566758569 14.002647199260535 1116.1638463744894 3.4008155465126029 12.233453201828523 304.63866504782345 9.5550221924204362 2.4361659274436533 154.40451673604548 10.220912643475456 206.85847065877169 997.16866906546056 347.3517270416487 12.115573856979607 66.558127587370109 21.463725497480482 347.4299898724712 233.83182548882905 71.771282547037117 1318.025238883798 3.698283527046442 25.762883171089925 580.01306766160997 107.93503460130887 5.1454007097054273 205.28621638694312 3009.3672025651613 19.801269761286676 14.133703962201251 118.32117364549777 28.498643208644353 5.2679625411983597 2.8597911488031968 60.285643794282805 6.2763678686460471 3.0612083822488776 52.228754033974838
leaf_count=334 951 27058 2272 725 10261 3709 31620 182 19287 1788 77 1019 1146 612126 29 160 1922 1471 642 675 6258 1532 6453 62365 57100 166796 2197 28430 675 2223 2035 1700 188 8869 2468 18842 447892 1552 260 11949 2872 14259 54435 1861 5012 79 1775 59268 20686 223 29359 1312604 2384 1005 18096 1647 347 666 9324 1171 440 2734
internal_value=2.49312e-10 -0.0291253 -0.0357778 0.0275889 0.0220635 -0.0421527 -0.0172336 0.0433399 0.0131408 -0.0233401 -0.0337666 -0.0310197 0.0299599 -0.0363166 0.026671 0.0217271 0.0361682 0.0498067 -0.0216561 -0.0013048 -0.020034 0.0332981 -0.0193016 -0.0473686 -0.0231155 -0.0356946 -0.0100755 0.00666033 0.00155972 -0.0161639 0.0300481 0.00199505 0.000274038 -0.00608119 -0.015125 -0.0123446 -0.0480243 0.0247611 -0.0180093 -0.0371888 -0.0392888 0.00719551 -0.0381868 0.00212373 0.0321321 -0.024821 -0.0217231 -0.0156189 -0.0225448 -0.0152932 -0.0109411 -0.0484592 -0.0447342 -0.0297625 -0.0332663 -0.0137185 -0.0428808 0.0112248 -0.0315335 -0.0127252 -0.00187318 0.00899866
internal_weight=20823.6 10129.8 9400.5 10693.9 7916.7 6995.61 2404.89 2777.15 3716.8 1828.17 2682.57 883.112 4199.9 2280.54 2745.46 1114.26 1454.44 1689.28 258.003 73.4947 47.484 1087.87 402.028 4313.04 349.155 721.964 161.148 1906.32 790.151 945.06 1631.2 786.75 730.905 381.039 226.634 217.079 4111.99 362.39 15.0385 691.418 624.86 349.866 2022.54 576.713 1326.56 8.53233 100.051 936.691 356.678 248.743 216.708 4006.54 32.0347 184.508 170.375 52.0536 23.5549 8.12775 74.2883 211.563 30.5463 61.0965
internal_count=3087485 2965450 2965116 122035 116313 2613155 351961 5722 95669 318480 763236 201378 20644 699606 17576 10421 3068 2196 33045 7575 6933 3526 63630 1849919 57177 184329 17049 76382 47952 117102 7155 47277 46326 31879 23010 21310 1787554 1994 442 181617 169668 14447 666561 33481 5120 108 13296 115314 56046 35360 30753 1760496 4607 25470 24465 6369 4722 1013 11521 30530 2712 3753
is_linear=0
shrinkage=0.05


Tree=22
num_leaves=63
num_cat=0
split_feature=4 0 1 0 2 0 3 2 3 1 2 0 0 1 1 1 2 0 1 3 2 2 0 1 2 1 2 3 2 2 1 1 3 3 3 0 0 0 2 3 0 3 1 3 1 1 2 0 1 3 0 0 2 2 0 2 2 0 0 0 2 0
split_gain=6272.57 2201.75 430.921 362.973 175.636 120.853 102.371 92.1629 51.431 40.0636 38.8151 37.2781 37.1753 32.148 24.7599 20.4996 16.476 15.3311 14.953 18.8992 14.5273 14.2041 14.0406 14.1852 13.2807 13.3573 12.3631 13.7384 11.6386 11.4532 11.2977 11.2634 11.2232 11.019 10.8904 10.8833 10.8264 10.6409 10.4225 10.3033 10.2266 10.0194 9.94849 9.72968 9.44361 9.3919 9.332 21.5181 15.0046 12.3862 16.2912 12.7827 13.096 12.5632 13.001 12.5142 15.0269 12.2983 12.0784 14.2297 12.6228 11.6374
threshold=1.0000000180025095e-35 1.0000000180025095e-35 4.3938341141000015 0.99659603834152222 4.8850574493500014 0.99092754721641529 0.48539993170000001 7.2120532989500008 0.57257652285000005 8.6349406242500013 7.4548234939500011 0.99463641643524159 0.99276977777481068 7.1393289566000009 7.1775269508500008 3.9424386024500007 2.1035652160500002 0.99749696254730169 10.157680511450002 1.1460097432000003 3.4121056795000002 3.6354871988000004 0.99397811293601968 3.8522540331000004 4.4485876560500008 3.0361866951000005 8.9321832657000027 1.9670250415500001 3.8141752481500002 7.2120532989500008 3.5203139782000004 4.7049548626000002 -0.74315482379999986 1.9670250415500001 -1.3223733305999998 0.98878601193428028 0.98688468337058965 0.99369293451309171 1.70272654295 0.26223824920000005 0.98703747987747159 -2.6888571977499995 10.916908264200002 0.28585800530000005 8.8421487808000006 13.406540870650002 4.0744693279000002 0.99633049964904774 5.3599901199500009 -1.2238879203499997 0.99314874410629261 0.99303525686264016 4.350063800800001 4.5306618213500007 0.99633049964904774 4.3293132781500008 4.1890265941500013 0.99220043420791615 0.99127593636512767 0.98726990818977367 4.1890265941500013 0.99413067102432218
decision_type=2 10 10 8 10 10 10 8 10 10 10 10 10 10 10 8 8 8 10 8 10 10 10 10 10 8 10 10 8 10 8 8 10 10 10 10 10 10 8 10 10 8 10 10 10 10 8 10 8 10 10 10 8 10 10 10 10 10 10 10 10 10
left_child=1 -1 5 4 9 20 12 18 17 40 14 15 13 16 31 22 -4 29 -5 -20 30 -17 23 -7 25 34 45 -28 -15 -9 -3 -6 37 -8 -13 -18 -32 -16 -24 -33 -2 -14 -34 -40 -30 -10 47 -42 61 51 -51 52 58 55 -55 56 -52 -54 59 -50 -60 -48
right_child=3 2 6 7 10 11 33 8 26 -11 -12 24 41 28 32 21 35 -19 19 -21 -22 -23 38 -25 -26 -27 27 -29 44 -31 36 39 42 -35 -36 -37 -38 -39 43 -41 46 -43 -44 -45 -46 -47 48 -49 49 50 53 -53 57 54 -56 -57 -58 -59 60 -61 -62 -63
leaf_value=0.056307651827455375 -0.040233426544856142 -0.031286456818343578 0.00037261842917898615 0.020159381201923746 -0.095329043430722502 -0.024432220148126141 -0.0017841565436533605 0.0078698349438267902 0.020576660445206146 0.017299479315486921 0.030903990723295138 -0.10484286724295395 -0.073420671043064642 0.0069139827212234403 0.020998767280029178 -0.039346453176034503 -0.048302406360979606 0.051822017506873312 0.037813742506317014 0.019997978273896742 -0.033608165316662143 -0.025793645900579528 0.041892075605605372 0.0084164453722397441 0.0014646061437996775 -0.025948620119969026 0.042067306394169543 0.024874428873306511 -0.029531933192422213 0.043135979376921138 -0.052558285338553348 0.0075145111949201857 0.0092122484402352416 0.015985365554303136 0.021381216136216186 -0.033050183666679854 -0.046430349816206029 0.029812926912340828 -0.082802077307686711 -0.089339835067283782 0.010429532077565607 -0.015345048035075446 0.025941420307485738 0.0092533601327464046 0.005540613364054074 0.041861506798382644 -0.03751026387488296 -0.11505034023006688 0.059291797789456716 -0.075273106098341369 -0.0042868591563248563 0.01478421278024218 0.0067230253577942496 -0.075169454692642385 0.0267661455886208 0.032321389239003094 -0.10752084979421384 -0.015907590285797649 0.023539346007358814 -0.094192505238483493 -0.061404845190042627 0.0068160745959076749
leaf_weight=708.77191698551178 12.629198141163213 104.51295558270067 31.758651636948343 466.7513402167242 2.7682985307183117 183.46785043156706 467.8204095865367 24.255677932931576 211.29894967039581 1020.7865530947456 2125.1699778368929 1.8470280831679726 7.4863376158755273 61.852159372880124 720.051260052016 1674.6141446240363 150.94098444242263 1300.6170323945116 442.95308646722697 224.20565129909664 197.30080879892921 218.56016425904818 2.3484754113014787 40.037745060457382 59.337393920402974 404.80713694053702 528.58220620732754 148.93067136593163 75.492121303803287 452.79249307606369 957.63287265910185 202.78682068391936 237.38279435492586 107.24269768083468 22.83763100032229 519.5163836783031 2913.9961642572598 652.89959991967771 18.931668445002295 2.7835379713214925 612.44415428728098 931.85802004905418 142.04618153162301 3.3833590571884988 25.736137696774676 68.669588899705559 41.039135228245868 3.4357748920447184 1.7839839318767214 9.1910369675606471 69.734285459620878 263.95144996169256 391.95383892708924 11.488501016166991 4.2982785122003397 23.638136187102646 3.7127237415406844 70.891473926283652 12.541880998585841 9.8367561775958148 6.7151406256016335 23.165535547537729
leaf_count=334 1149 27058 2703 4913 255 25906 30971 534 1338 11832 6323 192 1788 3913 6222 594110 50535 1156 1332 992 62365 51269 65 4008 7799 75632 762 397 12095 858 447892 6054 4518 2510 602 130357 1312604 4280 3416 549 17127 115314 1056 237 1775 165 4910 274 9 1089 5336 8717 21029 1016 84 617 430 4329 299 761 398 925
internal_value=-2.63497e-10 -0.0286019 -0.0351552 0.0268228 0.0197636 -0.0415608 -0.0168415 0.0390092 0.043978 0.0095861 0.026223 -0.0331665 -0.0226956 -0.0301726 0.0211494 -0.0360106 -0.0348171 0.0490099 0.027024 0.0318266 -0.046851 -0.0377818 -0.0224985 -0.0185479 -0.0207079 -0.0237712 0.0346357 0.038288 -0.0101741 0.0413429 -0.0475082 0.00485394 0.0230867 0.00152966 0.0119365 -0.0364839 -0.0479461 0.0251903 -0.0583004 0.00620305 0.00457881 -0.0158079 0.0154751 -0.0688448 -0.0206151 0.0257973 0.00494163 0.00972952 0.00181775 0.00352075 -0.0112605 0.00590205 0.00115351 -0.00604805 -0.0474154 0.000678591 -0.00950531 0.00325682 -0.0303742 -0.07063 -0.00608165 -0.021517
internal_weight=20440.3 9892.09 9183.32 10548.2 6679.13 6803.62 2379.7 3869.06 2735.15 2593.24 4085.89 2630.17 1804.64 865.296 1960.72 2141.34 702.216 1777.67 1133.91 667.159 4173.44 1893.17 248.169 223.506 488.829 429.492 957.481 677.513 163.08 477.048 3976.14 208.339 1752.38 575.063 24.6847 670.457 3871.63 1372.95 24.6635 205.57 1572.45 939.344 379.429 22.315 101.228 279.969 1559.82 615.88 943.942 879.737 122.063 757.675 493.723 112.872 15.7868 97.0851 73.447 462.845 30.8778 11.6207 19.257 64.2047
internal_count=3087485 2965450 2965116 122035 109588 2613155 351961 12447 5210 80331 29257 763236 318480 201378 22934 679011 183595 2548 7237 2324 1849919 645379 33632 29914 84225 76426 2662 1159 17783 1392 1787554 6858 16076 33481 794 180892 1760496 10502 3718 6603 68499 117102 5574 3653 13870 1503 67350 17401 49949 44114 8572 35542 26825 7483 1100 6383 5766 25358 1467 770 697 5835
is_linear=0
shrinkage=0.05


Tree=23
num_leaves=63
num_cat=0
split_feature=4 0 1 0 2 0 3 3 1 2 0 2 1 0 1 1 3 1 1 2 2 1 0 1 3 2 0 2 2 2 1 2 1 2 0 2 3 0 1 1 0 3 3 2 2 3 2 2 3 0 1 0 0 3 0 1 0 3 3 0 3 3
split_gain=5888.91 2100.09 406.954 358.737 192.58 117.272 93.5285 77.8746 58.1863 49.6308 34.8437 27.9932 25.8748 25.3044 21.5143 19.1872 18.0596 17.1832 16.0764 15.9553 15.7777 15.2663 15.2174 15.2071 14.8565 14.5095 13.2826 13.0524 12.889 12.3442 12.058 12.1521 11.9777 11.698 11.4334 11.3252 11.3249 14.6117 10.9674 10.9447 10.7322 10.5828 10.2402 9.93094 16.9584 10.4023 13.771 9.74663 9.41497 9.32902 9.27097 9.15093 13.615 10.8808 10.4459 13.6427 13.9348 13.4985 10.1146 11.279 10.8485 10.669
threshold=1.0000000180025095e-35 1.0000000180025095e-35 4.3938341141000015 0.99696221947669972 5.7348122597000009 0.99092754721641529 -0.40638962384999994 -0.21150645609999999 8.0259971618500021 6.8185496330500008 0.99463641643524159 8.2642664909500017 8.8421487808000006 0.99276977777481068 7.1393289566000009 3.9056440592000006 2.2426726818000007 9.0456075668000029 3.8522540331000004 7.2120532989500008 2.1035652160500002 8.9386439323500024 0.9947320520877837 9.5796356201000012 -0.72732186319999992 3.4121056795000002 0.99337649345397916 1.5244616866500003 3.6354871988000004 2.4248061180000007 4.2318415642000007 4.4485876560500008 3.0361866951000005 4.5098071098000005 0.99505531787872259 9.9177846908500022 -0.35465051234999995 0.99517691135406461 3.5203139782000004 5.5862703323500007 0.98688468337058965 -1.7856307625999996 -0.52968072889999995 3.0146428346500005 2.9936555624000003 -2.7685713767999993 2.9713371992000002 5.6223602295000008 -2.0816977024499996 0.98878601193428028 3.9804507494000005 0.9916553795337677 0.99220043420791615 0.12721653280000003 0.99146187305450417 3.6188410520500001 0.99120417237281766 -2.4569387435999999 -2.5718498229999995 0.99257323145866372 -1.5716519355999996 -2.8829165696999994
decision_type=2 10 10 8 10 10 10 10 10 10 10 10 10 10 10 8 10 8 10 8 8 8 10 10 10 10 8 10 10 8 10 10 8 10 10 10 10 10 8 8 10 10 10 10 10 8 10 8 8 10 10 10 10 10 10 8 10 10 8 10 8 10
left_child=1 -1 5 4 8 25 13 19 47 17 15 23 27 14 20 18 35 21 51 -5 -4 -9 -13 -6 -25 38 -20 36 -17 39 31 32 -12 49 -29 -11 37 -8 -3 -15 -40 -24 -31 44 45 -10 -47 -2 -49 -22 -33 54 -53 58 55 -7 -57 -56 61 60 -60 -54
right_child=3 2 6 7 11 10 12 9 43 16 30 22 -14 29 -16 28 -18 -19 26 -21 33 -23 41 24 -26 -27 -28 34 -30 42 -32 50 -34 -35 -36 -37 -38 -39 40 -41 -42 -43 -44 -45 -46 46 -48 48 -50 -51 -52 52 53 -55 57 56 -58 -59 59 -61 -62 -63
leaf_value=0.056018887337984026 0.0070216111522449862 -0.030874165558679719 -0.00011014041479980991 0.03742582753862117 0.018445848772503763 -0.068195362302903767 -0.074047032717850791 0.0054051446745275672 0.050332197273071345 0.035928180701611273 0.01184991841405948 0.026786889318695047 0.01177092329098363 -0.088362771712799951 -0.012955489184550648 -0.038658553160490994 0.023583161680942738 0.025430566317697984 0.021510037479574851 0.051935266631193071 -0.050099894913056935 -0.12557241497236257 0.046558992924168124 0.031131504976842347 0.018624743891671621 -0.032906688390126795 -0.080389906400165634 -0.015246252340787959 -0.025681118035894131 -0.014375738325645052 -0.062711757172597957 -0.0064960989092499562 -0.024263180992884173 -0.0151728175608608 0.00064807423660561466 0.045457072662145916 -0.021757193599744411 0.049842362205607102 -0.052115254363870059 -0.025416737805355569 -0.045888385060791036 0.033713905144939209 -0.046155514201510033 0.019509033636238501 -0.11023108631610577 0.011553470755331495 -0.10981499677322322 0.014842214012447959 -0.0037115335473049738 -0.034988238824765178 0.047526508641869553 -0.068024057329947402 -0.090513358424665208 0.014835765482635445 0.018510036270705389 0.03410648065994084 -0.073310305603907597 -0.088234839491044936 -0.083368525049911824 -0.049454357629052627 0.0074410058894738007 0.025778047054691278
leaf_weight=688.30869734287262 952.32754671569273 102.93351768830325 31.522236616176087 231.54558791662566 836.84674660523888 14.145312079403082 3.0063250730745485 90.621891218761448 17.371229639742523 598.4826990487054 24.418440194334835 723.90680271293968 193.18539910099935 11.020785476313902 138.9888060024532 1639.092654835782 171.34925005491823 552.5774932554923 29.346440603316296 1042.7067403554684 134.08818958967458 2.280728298239409 201.26496674586087 784.58523231500294 340.49459500284865 192.48327279248042 3.589099964243359 166.02882219554158 216.61451656464487 568.5005079479306 16.37937702506315 48.670576754491776 384.56844122085022 58.916630967054516 355.20720507233636 650.99696916760877 210.66394604509696 11.423131915973498 917.40699097834295 18.494507783325393 2815.9468871208956 788.75140290998388 26.531229201587848 1282.7732506801258 2.8410916046705088 557.93327035725815 2.3470198318827888 79.12774284434272 503.1463316695299 428.50418998691021 9.4902630109572765 24.66164632816799 2.3657031834591171 13.638269891089292 29.827809532522224 9.8489154053386319 4.3539781871950245 3.2881197746028183 3.9922278086887673 65.858201694209129 18.667780365329239 11.859281837474553
leaf_count=334 30343 27058 2608 878 9421 3764 621 1887 92 1790 794 2021 6485 1852 16253 595752 447 2484 2004 1050 48067 71 264 3395 2641 62365 703 18826 51483 79445 2546 7201 73366 10800 22462 724 22479 224 447892 1389 1312604 1874 3918 14522 72 8883 60 2591 36525 116532 318 5222 348 856 1436 925 938 496 697 11399 2251 737
internal_value=-3.86568e-10 -0.0281448 -0.0346106 0.0260735 0.0196963 -0.0409758 -0.0167708 0.0395774 0.0111155 0.0335824 -0.0326408 0.0276282 -0.00453836 -0.0248838 -0.030818 -0.0354377 0.0388054 0.0220856 -0.0219917 0.0492987 -0.0346198 0.00218969 0.0322965 0.02355 0.0273465 -0.0463025 0.0104056 -0.00875997 -0.0371437 -0.0173583 -0.0205445 -0.019066 -0.0221071 -0.0363701 -0.00441473 0.0408929 -0.018822 0.0240305 -0.0469746 -0.0489203 -0.0474185 0.0363252 -0.0157927 0.0170535 0.0116272 0.0122265 0.0110451 0.00390581 -0.00119018 -0.0385899 0.00231892 -0.0272608 -0.0342772 -0.0271261 -0.01116 -0.0334386 0.00117725 0.00791121 -0.0326962 -0.0389851 -0.00855777 0.00643807
internal_weight=20062.1 9647.84 8959.53 10414.3 7073.72 6603.45 2356.08 3340.56 3397.87 2066.31 2574.68 3675.85 939.515 1416.57 792.02 2091.15 1420.83 645.48 235.443 1274.25 653.031 92.9026 1713.92 1961.93 1125.08 4028.77 32.9355 746.329 1855.71 624.547 483.527 467.148 408.987 621.509 521.236 1249.48 225.093 14.4295 3836.29 29.5153 3733.35 990.016 595.032 1863.27 580.493 577.652 560.28 1534.6 582.274 562.592 58.1608 202.507 141.043 116.381 61.4641 28.3482 14.2029 33.1159 102.743 88.5182 22.66 14.225
internal_count=3087485 2965450 2965116 122035 112704 2613155 351961 9331 93088 7403 763236 19616 71097 280864 194260 679011 2961 4442 31776 1928 178007 1958 4159 15457 6036 1849919 2707 64612 647235 86604 84225 81679 74160 175399 41288 2514 23324 845 1787554 3241 1760496 2138 83363 23629 9107 9035 8943 69459 39116 164599 7519 29069 21510 16288 7559 5627 1863 1932 15432 14347 2948 1085
is_linear=0
shrinkage=0.05


Tree=24
num_leaves=63
num_cat=0
split_feature=4 0 1 0 2 3 0 3 1 2 3 1 2 2 1 0 2 0 2 2 3 3 0 0 3 1 3 3 3 2 2 2 2 0 3 1 0 0 1 1 3 0 3 3 0 3 2 2 3 3 0 1 2 0 3 1 3 0 2 3 1 1
split_gain=5519.44 2001.63 385.602 355.274 211.702 106.948 80.6106 72.8556 54.8778 38.428 30.1831 28.8532 21.9791 21.2135 21.1833 19.8679 17.1031 14.9292 14.825 14.8021 13.8292 13.82 13.7581 12.1837 20.6804 21.8958 15.042 18.3578 13.9346 12.7811 14.1043 12.4117 12.1774 14.8298 11.9756 11.9381 11.8865 14.2217 14.0661 11.5435 14.8874 19.1178 14.7938 16.8119 11.496 20.7683 11.4841 13.073 10.9418 12.045 10.7803 11.9151 10.4962 9.82543 15.3035 9.79597 9.71473 9.42552 16.139 12.9677 15.9901 9.33701
threshold=1.0000000180025095e-35 1.0000000180025095e-35 1.0000000180025095e-35 0.99749696254730169 5.7995538711500005 -0.40638962384999994 0.99202126264572121 0.69096937775000011 8.0259971618500021 8.2642664909500017 -0.54509136079999998 8.8421487808000006 4.9177696705000011 1.6520034671000003 6.375423908250001 0.99493658542633023 6.8185496330500008 0.98981776833534219 5.1809973716500011 8.9321832657000027 -0.74315482379999986 -1.7856307625999996 0.99696221947669972 0.99454283714294378 -1.3977001904999999 10.916908264200002 -1.0252494811999997 -0.66072347759999983 1.9670250415500001 3.5087287426000002 3.6013193130500007 2.6110440492500007 4.8242316246000003 0.99505531787872259 1.9670250415500001 9.5796356201000012 0.99397811293601968 0.99390479922294572 10.360822200800003 9.2959427833500019 -0.40638962384999994 0.99383294582366921 -0.66072347759999983 -0.67542445659999995 0.99505531787872259 -1.7741605639499998 2.5733351707500005 2.5180457830500003 -1.1294083595499997 -0.99838113784999993 0.99146187305450417 3.3219287395500006 5.146647691750001 0.99633049964904774 -1.0528512001499999 4.999149322500001 -2.4074096679499997 0.99229100346565213 3.6578398942500008 1.1460097432000003 5.0162994861500012 5.3599901199500009
decision_type=2 10 10 8 10 10 10 10 10 10 8 10 10 10 10 10 8 10 10 10 10 10 10 10 10 10 10 10 8 8 8 10 8 10 10 10 10 10 8 10 10 10 10 10 10 10 10 10 8 8 10 10 8 10 10 10 10 10 10 10 10 8
left_child=1 -1 6 4 8 10 13 16 46 20 53 18 22 17 50 -11 -5 -3 32 -9 35 -17 -8 26 31 28 -10 36 29 -26 -31 44 33 55 -21 -6 37 38 -28 40 41 -22 43 -43 45 -25 47 48 61 -50 -12 -52 -53 -4 -55 -7 -18 -57 59 60 -59 -2
right_child=3 2 5 7 9 11 12 19 23 15 14 -13 -14 -15 -16 21 56 -19 -20 34 39 -23 -24 24 25 -27 27 -29 -30 30 -32 -33 -34 -35 -36 -37 -38 -39 -40 -41 -42 42 -44 -45 -46 -47 -48 -49 49 -51 51 52 -54 54 -56 57 -58 58 -60 -61 -62 -63
leaf_value=0.055762300367402685 -0.02685478496827275 -0.048952805429827995 -0.020911331386013074 0.034343801038278339 0.020740429749295179 -0.051702194856329958 -0.033674880646710703 0.026041342681157528 0.01505790235517275 0.026624095059205724 -0.038956638976846522 0.010737563876432231 -0.0030141727716718643 -0.036598594361791942 -0.018332371693971044 0.049053646329805856 0.057912521574805434 -0.042150308032341842 0.0034390317334034902 0.042093125116895586 0.027644641567400777 0.034481019227626385 -0.0051554072164026361 -0.12031831150365385 0.025117691238131724 0.02969836827453038 -0.10311705592751985 0.0054601018314388745 -0.10332744319404992 -0.12352589226753166 0.0065293175130835676 0.037649483833096443 -0.021394326735880879 -0.0010532326563612786 0.024509362304634491 0.029846192320988688 -0.1122214258949966 0.047590439699332819 0.0083885416983471382 0.02059231045817549 0.011437333729129983 -0.11133995723026578 -0.11226338972564975 0.051748007260056364 0.024550708793247378 0.017687711630534047 0.0075326552981555385 -0.10262482911211 -0.099156545810786492 -0.0041409269484608538 0.00035737978523890971 -0.020887493861022212 -0.040768005008942315 -0.058105780267060661 0.018216775840372557 0.012167956456100217 0.047929506205409811 0.06066322746283094 -0.0040862869532175099 0.01479213535952475 -0.077087388028962922 0.013633558829762575
leaf_weight=667.75457870960236 15.654997767647727 2448.57373137385 902.99176743329735 190.86791061534313 660.62594710331177 22.852148318605032 1245.1007010607864 589.32367180567235 1006.422933654947 784.60432259156369 626.75430003541987 192.075151110359 65.492934536654502 604.32351537264185 232.01324920399929 195.01896347198635 321.77918543666601 1202.7606643507024 150.48912840423873 383.71278776647523 8.468167613726111 981.57013093458954 43.77464333048556 4.3973405953729507 113.83781417598948 204.73106150247622 6.542194901034236 97.650838747853413 2.6975604051258406 2.0978858890011907 330.81046653247904 215.51904022414237 301.89709357608808 255.42135020665592 129.51389080984518 790.86120547028258 5.1069910789374253 4.790682523045688 4.9820719691924804 475.9658869409468 124.77051573805511 2.5814970873761913 8.0500619959784654 4.0739894537255168 27.793735450599343 7.1729659239063039 967.91713938028261 3.1607454136246806 3.3611353388987482 436.58691823011031 34.182587561139371 130.46605534025002 135.18756914039841 8.1145764261018467 34.457284436270129 23.654344285314437 1004.2532156553352 2.3038561982102719 44.084404333552811 6.2217890850733957 24.619522743334528 157.45644231315237
leaf_count=334 1098 1288628 125310 751 5973 4664 406784 2880 13103 2185 201770 6485 10759 213670 37676 244 156 527391 11887 487 97 2328 2883 159 861 1241 356 1794 70 108 5368 1298 32844 15305 284 3377 234 31 73 3458 2459 109 388 26 301 54 30731 199 454 33021 3241 21291 41031 1270 1828 1794 1164 26 4813 283 3483 5115
internal_value=-2.43197e-10 -0.0276754 -0.0340518 0.0253343 0.0198956 -0.0199848 -0.0418947 0.0412286 0.0111138 0.0277683 -0.0264334 -0.0067289 -0.0312704 -0.0452759 -0.0318433 0.0327868 0.0483377 -0.046712 -0.0107634 0.0314478 0.0230259 0.0368964 -0.0327063 0.016547 0.0208523 0.0161449 0.0130697 -0.00373519 0.00997107 0.0106552 0.00570975 0.032934 -0.0139017 -0.00793576 0.0376558 0.0257018 -0.0456515 -0.0248134 -0.0549119 0.0168006 0.00460181 -0.0322016 -0.066664 -0.0115097 0.00711687 -0.034762 0.00413584 -0.00119964 -0.000676726 -0.00486683 -0.0352264 -0.027429 -0.0310044 -0.0198047 0.00366902 -0.022143 0.050352 -0.0154472 -0.0239054 -0.0502656 -0.0653 0.00997207
internal_weight=19680.3 9405.57 8737.81 10274.7 7655.28 3127.79 5610.03 2619.45 3618.69 4036.59 2104.17 1023.62 1354.37 4255.66 1158.6 1961.19 1516.9 3651.33 831.544 1102.55 2075.4 1176.59 1288.88 2034.55 909.058 654.175 1125.5 119.073 449.444 446.746 332.908 254.883 681.055 379.157 513.227 1451.49 21.4219 16.3149 11.5243 623.91 147.944 23.1737 14.7055 6.65549 39.364 11.5703 1584.14 616.22 613.059 439.948 926.591 299.836 265.654 945.564 42.5719 123.736 1326.03 100.884 77.2296 33.1452 26.9234 173.111
internal_count=3087485 2965450 2965116 122035 116313 515001 2450115 5722 95669 20644 433417 81584 420426 2029689 305009 4757 2071 1816019 75099 3651 15887 2572 409667 25051 9460 7648 15591 2488 6407 6337 5476 1812 63212 30368 771 9350 694 460 429 6537 3079 620 523 135 514 213 70618 39887 39688 33475 267333 65563 62322 128408 3098 15063 1320 10399 8605 3792 3509 6213
is_linear=0
shrinkage=0.05


Tree=25
num_leaves=63
num_cat=0
split_feature=4 0 1 0 2 3 2 0 3 2 1 3 1 1 0 2 1 1 3 2 2 2 3 2 0 1 3 0 3 3 2 1 3 0 3 3 2 1 3 2 2 1 2 3 1 1 0 3 3 0 3 1 2 2 1 0 2 0 0 2 2 3
split_gain=5191.82 1910.17 361.387 346.515 157.357 101.327 91.9661 77.8627 54.7352 38.3011 37.1796 27.1218 25.6286 22.656 21.2885 19.9379 19.2182 16.585 15.8207 18.4455 15.66 15.1792 15.0938 13.6285 12.637 12.4927 11.9383 11.7091 14.3984 11.4069 11.2683 12.7936 12.6507 11.1079 12.8565 10.7013 10.3339 10.0965 15.3268 11.14 15.7136 11.3715 11.3137 10.5888 9.8959 9.87801 9.80025 10.0915 14.3696 9.76697 12.9714 9.77283 9.64591 9.55957 29.8138 9.48119 9.40923 10.1919 9.37817 9.34557 10.7378 9.33384
threshold=1.0000000180025095e-35 1.0000000180025095e-35 1.0000000180025095e-35 0.99659603834152222 4.8850574493500014 -0.40638962384999994 7.2120532989500008 0.99202126264572121 0.57257652285000005 8.2642664909500017 8.6349406242500013 -0.54509136079999998 8.8421487808000006 7.1775269508500008 0.98909381031990018 4.9177696705000011 6.375423908250001 7.7422988414500011 -2.4074096679499997 7.2120532989500008 8.9321832657000027 1.6520034671000003 -0.11936038359999999 5.1809973716500011 0.99696221947669972 11.796072006200001 -1.2490309476499999 0.99493658542633023 -1.8391146063999997 1.7673547267500003 4.8242316246000003 4.3497688770500007 -0.24762415889999997 0.99445441365241971 -1.9361904859999999 0.63187745215000013 4.7433722019000006 6.7083346844000014 -0.47938941419999992 4.276209831250001 4.155061721800001 5.4857165813500002 2.2583487034000007 -1.2857298254999998 4.7049548626000002 10.621663570400001 0.98763677477836564 -1.1294083595499997 -0.19404163954999995 0.99633049964904774 -1.0528512001499999 2.2447462082000005 4.8532297611500006 3.9980831146000004 7.2836048603500005 0.99014991521835316 3.6354871988000004 0.99428731203079224 0.99428731203079224 4.1726059913500011 4.350063800800001 -0.87749439474999991
decision_type=2 10 10 8 10 10 8 10 10 10 10 8 10 10 10 10 10 8 10 10 10 10 10 10 10 10 8 10 10 10 8 10 10 10 8 10 10 10 10 10 10 8 8 8 8 10 10 10 10 10 10 10 10 10 10 10 10 8 10 10 10 8
left_child=1 -1 7 4 10 11 17 14 18 13 33 49 23 44 -3 24 55 -5 -8 45 35 -16 -15 30 -9 -24 -19 -11 -29 -22 31 32 -7 37 -35 -10 -33 39 -39 40 42 52 -2 58 -6 -20 -44 56 -49 51 -51 -4 -41 -36 -55 -13 57 -48 -43 -40 -61 -17
right_child=3 2 5 6 9 12 8 15 20 27 -12 16 -14 22 21 61 -18 26 19 -21 29 -23 25 -25 -26 -27 -28 28 -30 -31 -32 36 -34 34 53 -37 -38 38 59 41 -42 43 46 -45 -46 -47 47 48 -50 50 -52 -53 -54 54 -56 -57 -58 -59 -60 60 -62 -63
leaf_value=0.055523940615220146 0.034369559271327121 -0.048162032184461197 -0.10569088743227242 0.0021776335687031185 -0.092199271801853888 0.013128594256655086 0.057500658342328884 -0.033142904314146966 -0.046382351076626568 0.025984057903363875 0.015520488202250047 -0.040158508005651787 0.0094648217419473074 0.02317434761670905 -0.0430278555407448 -0.037930013265823959 -0.018519898940961108 0.044702151245063958 -0.01456806460654358 0.046181586326380634 0.04072390726025156 -0.031582581758228354 0.0029715354049206846 0.0028094829462237728 -0.0057438102896098615 0.025255758674493891 0.024855672246738156 0.048700274209397987 0.031233257978956083 0.025923989158446972 -0.021100111697593626 -0.0075640317601087803 -0.063022637060580353 0.026869899789100579 0.010180456872107946 0.023685561038888074 0.03085810216270652 0.0059278992933570647 -0.094626556177273682 -0.089634259224251528 -0.092635853947345387 -0.088754388879645443 -0.073771370555533219 0.027747210749062553 0.0061149372765466475 0.034817987159659079 -0.0079587074283170526 -0.088421546470716095 0.015902420017126516 -0.055478948224176261 0.016593265126602443 -0.02074996759016429 0.052620339069825377 -0.070690667876947347 0.0095678840301170933 -0.029901908717889416 0.011181261040672 -0.093021668637868093 0.049171973541053085 0.056387504732981208 -0.094062783036322761 0.0065321433887270824
leaf_weight=647.32993173599243 16.592450751631986 2154.4110778911563 3.3992148659890509 75.509063966106623 2.5893104568822309 7.6200094664236557 321.0897714830935 1215.227584487875 5.5628261221572748 774.02997167757712 992.59888839101768 426.36323277873453 192.11717410216806 1952.9411494475789 1597.8779374665464 15.433416576008311 228.89764789666515 82.460133358603343 18.813668637885712 1291.4235165019054 462.2720613386482 353.84385445096996 181.08219749305863 150.14238788979128 43.593171119573526 96.360398968681693 934.38826836482622 148.73477907618508 570.62189236423001 181.23618758795783 298.48062908503925 330.45176719094161 19.18475004757056 92.45912356779445 210.84527637157589 266.94798424164765 18.478811221895739 642.14086782469531 6.1314656470203754 4.3799955653084908 5.3142991734202942 3.8144438326125965 5.5401506382622747 55.45051906851586 222.64362661604537 21.924390157219023 344.4519384035957 8.6520119197666627 5.3368094277102491 7.6212738075992084 34.519497672386933 891.79098635539412 1.6370411943644283 16.045502263645176 41.494525111280382 477.83937142736977 70.684381105646025 3.557766093639656 1.8206941275857387 3.033844388788566 1.9470879030413923 50.189429917256348
leaf_count=334 191 1146538 411 1797 256 622 162 406784 69 2185 11832 146710 6485 14368 764062 3437 37676 180 547 1751 683 119089 3479 11887 2883 614 5260 192 1384 476 32844 25605 3163 1565 8187 1434 978 17421 759 470 609 389 1311 1750 6779 88 27714 1523 411 1270 1828 124899 27 1702 1112 120623 2658 418 34 59 189 7322
internal_value=-8.16192e-12 -0.0272772 -0.0335701 0.0246428 0.0176979 -0.0199098 0.0369388 -0.0413351 0.0421057 0.0239379 0.00797329 -0.0262571 -0.00698114 0.0200978 -0.0447354 -0.0307934 -0.031462 0.0247862 0.0475379 0.0451366 0.0323014 -0.0409528 0.021624 -0.0108139 -0.0321941 0.0107112 0.0264651 0.0302522 0.0348448 0.0365557 -0.0138477 -0.00808644 -0.0413745 0.00311298 0.0107903 0.0222552 -0.00552926 0.000766217 0.0049204 -0.00438092 -0.00715642 0.014651 -0.00615763 0.0211109 0.0049847 0.0120105 -0.00769211 -0.00684602 -0.0486214 -0.0199651 0.00355881 -0.0210725 -0.0509314 0.00525084 -0.0128129 -0.0347383 -0.00545028 -0.00882832 -0.0441908 -0.0532988 -0.00242477 -0.00392463
internal_weight=19309.4 9164.81 8517.48 10144.6 6482.93 3086.91 3661.63 5430.58 2569.27 3949 2533.93 2070.43 1016.48 2455.62 4106.13 1324.44 1133.1 1092.36 1653.25 1332.16 916.019 1951.72 2230.38 824.358 1258.82 277.443 1016.85 1493.39 719.357 643.508 674.216 375.735 26.8048 1541.33 360.844 272.511 348.931 1180.49 653.253 527.233 460.13 67.1027 454.816 61.0857 225.233 40.7381 438.223 432.683 13.9888 937.331 42.1408 895.19 6.01704 268.385 57.54 904.203 418.694 348.01 5.63514 11.1124 4.98093 65.6228
internal_count=3087485 2965450 2965116 122035 109588 515001 12447 2450115 5210 29257 80331 433417 81584 25496 2029689 420426 305009 7237 2548 2386 2662 883151 18461 75099 409667 4093 5440 3761 1576 1159 63212 30368 3785 68499 12566 1503 26583 55933 18428 37505 34835 2670 34226 2173 7035 635 34035 32724 1934 128408 3098 125310 497 11001 2814 267333 30790 28132 423 1007 248 10759
is_linear=0
shrinkage=0.05


Tree=26
num_leaves=63
num_cat=0
split_feature=4 0 1 0 2 3 3 0 1 1 0 2 2 1 2 1 2 1 2 0 2 0 3 3 2 0 0 3 3 0 3 3 2 3 0 0 3 3 2 0 2 2 1 3 1 1 3 2 2 1 2 3 2 2 0 3 0 2 0 0 2 1
split_gain=4881.72 1820.07 345.614 339.232 204.819 94.817 76.9642 75.7344 69.2859 26.6574 25.7976 23.635 22.892 22.8221 19.0508 17.5665 16.5739 15.6759 14.8341 14.6765 13.7336 13.572 13.3475 13.4621 12.347 11.9853 13.4216 11.6279 14.7002 12.9005 14.7577 15.4595 14.9431 11.5932 10.6548 10.6531 10.5286 10.5251 10.2008 11.8483 10.0179 10.9173 10.0121 9.59799 29.927 9.46936 28.3912 9.45839 20.0782 14.262 9.50186 9.3976 9.37242 33.0458 11.6155 9.27304 9.13568 9.03392 9.00825 9.95874 14.6931 16.7626
threshold=1.0000000180025095e-35 1.0000000180025095e-35 1.0000000180025095e-35 0.99749696254730169 6.5113930702500005 -0.40638962384999994 0.75774592160000009 0.99127593636512767 9.5796356201000012 6.6788682937500008 0.98881179094314564 4.9177696705000011 8.9321832657000027 8.8421487808000006 6.2974455356500005 6.4836039543500013 1.6520034671000003 7.6502346992500012 8.9321832657000027 0.99383294582366921 5.1809973716500011 0.99390479922294572 -0.67542445659999995 -0.78986746069999991 3.6354871988000004 0.98713567852973927 0.98457151651382413 -0.57854521274999982 -0.54509136079999998 0.99454283714294378 -2.4906959533999995 -2.4378926753999992 3.8968374729500006 -0.77445140479999985 0.99072793126106273 0.98981776833534219 1.2059748173000002 1.9670250415500001 4.8242316246000003 0.99505531787872259 2.6628723144500004 2.8566193581000006 4.5554461479500015 -1.2857298254999998 10.916908264200002 9.0456075668000029 0.14851966500000002 3.2501549721000003 2.4580522776000007 7.2469453812000006 6.3921122551000016 -0.87749439474999991 3.4772547483500005 3.5901259184000005 0.99421235918998674 -0.30195055899999995 0.98858752846717823 1.7484906315500002 0.99445441365241971 0.99276977777481068 2.4248061180000007 3.6188410520500001
decision_type=2 10 10 8 10 10 10 10 10 10 10 10 10 10 8 10 10 10 10 10 10 10 8 10 10 10 10 10 10 10 10 10 10 10 10 10 10 10 8 10 8 8 10 10 10 10 8 8 10 10 10 8 8 8 8 10 10 10 10 10 8 10
left_child=1 -1 7 4 8 10 14 16 9 40 17 21 36 20 -5 22 35 -4 -8 43 38 24 23 -12 -9 26 -10 29 -29 30 32 -32 52 -16 56 -3 -6 -20 39 -7 -2 -42 -25 -14 -45 46 -35 48 -36 -50 -49 -13 57 -54 -55 -21 -33 -11 59 60 61 -24
right_child=3 2 5 6 12 13 18 11 25 27 15 51 19 -15 33 -17 -18 -19 37 55 -22 -23 58 42 -26 -27 -28 28 -30 -31 31 34 -34 45 47 -37 -38 -39 -40 -41 41 -43 -44 44 -46 -47 -48 50 49 -51 -52 -53 53 54 -56 -57 -58 -59 -60 -61 -62 -63
leaf_value=0.055305728302339666 0.020129640450504818 -0.048075490364304453 -0.04252449291947144 0.030607256422362995 0.025101863273012004 -0.02129595136121383 0.023757849099425965 -0.037952602345995484 0.028689449766559766 -0.11342361531560406 -0.023276913220098196 -0.037584127582758094 0.026906874050008592 0.0083954848643356152 0.054438645608758787 -0.01407199886929039 -0.036356176631262151 0.0012873545042348528 0.040440306337218707 0.039538899073731662 0.0027855608340887437 -0.026204629672927766 -0.07967689746243356 0.021663769696395122 -0.020499900751021441 0.021387892739348477 -0.088862522115636514 -0.1056926454817677 0.0023446850790984162 0.01902460431420849 -0.099668700539094712 0.025685208426918488 0.018355231965415199 0.033805502136005007 0.026508260144748549 -0.041392981103453387 0.0011917795138466792 0.023587543506157507 -0.020789984182353276 -0.0022485082471895047 -0.060511380125374596 -0.0015523705331551307 -0.021584152771141101 -0.10510729405746611 0.017579004779292553 0.045928697275063317 -0.1453295473050174 0.0057940994971076142 -0.0067290178942949509 -0.1059951925694296 -0.10935145786472636 0.0060345645099959084 -0.10163873026979964 0.0044196419102419237 -0.11576856427841775 0.029917254486381547 -0.09314267888045441 0.016467136811450449 -0.055465632556934465 -0.016136399405015073 -0.035428669341635625 0.001218084780454832
leaf_weight=626.93158030509949 53.955061545828357 2263.4990333475289 280.8357842231926 156.9602876289282 1898.5876591474516 120.32568520869245 554.51685435837135 1049.3173563551973 4.5368245833087695 1.3488358438480634 613.39358667482156 15.951835537212899 251.08350176864769 191.19015255640261 568.21757459559012 383.05920103023527 483.53682130435482 22.017520549707115 340.11870683077723 639.17840734310448 152.04075601429213 470.98662310774671 7.3190608510049051 30.499666549905669 112.17246479674941 1280.6269896511221 5.2244313526898623 3.1799554503522804 319.26638692483539 440.07266373757739 3.8554711097385725 2.3193373701069495 493.21424739726353 17.356935627292842 10.369240991654808 809.75471209490206 47.185511308372952 127.32875566137955 296.26780339103425 253.96605998947052 7.935182683984749 744.68492914357921 23.845043250184972 5.7198429852724066 37.948354766936973 751.80474347644486 2.5349230954889235 284.798763931758 6.2528835253324351 8.5882983480114472 1.8029977125115682 54.664915953471791 7.6175640516448766 330.38221771887038 2.022578935022465 411.72034574928693 5.3452847385196947 176.87982211686904 35.919733640970662 111.4373126681312 481.52481063030427 51.209955651836935
leaf_count=334 966 1288628 98549 697 10027 15063 2788 427309 29 35 94601 3776 574 6485 388 47010 183445 1972 454 1047 11887 126766 1829 1791 28616 10724 149 229 9368 6043 151 37 6667 71 112 382909 559 284 32844 15305 664 47630 3268 61 167 955 85 5851 161 434 71 8666 418 9698 185 1219 303 2734 6220 23474 149446 5257
internal_value=3.89509e-10 -0.0268463 -0.0330406 0.0239942 0.0186534 -0.0196643 0.0398663 -0.0408093 0.0113268 0.00704298 -0.0258725 -0.0321389 0.0279897 -0.00716543 0.047088 -0.0235261 -0.0449609 -0.0393394 0.0292887 0.0330039 -0.0107821 -0.033364 -0.0261985 -0.0211638 -0.0362671 0.0209672 -0.0342269 0.0100138 0.00127922 0.0116007 0.00915304 -0.00014568 0.0121255 0.0490186 0.00105537 -0.0463148 0.024522 0.0358498 -0.0138584 -0.0083718 -0.000682019 -0.002174 0.00268771 0.0231441 0.00150904 0.0450278 0.0109774 0.00248697 -0.0268747 -0.0641724 0.00506972 -0.0038186 0.00619679 0.00132868 0.00368833 0.0357693 -0.057185 0.0154841 -0.0310892 -0.0297452 -0.0325534 -0.00889784
internal_weight=18946.2 8941.67 8314.74 10004.5 7485.7 3054.85 2518.84 5259.88 4194.28 2903.89 2041.06 1703.09 3291.42 1013.79 1496.87 1738.21 3556.79 302.853 1021.96 1345.65 822.6 1632.48 1355.15 667.738 1161.49 1290.39 9.76126 2097.32 322.446 1774.87 1334.8 323.332 1011.47 1339.91 319.477 3073.25 1945.77 467.447 670.56 374.292 806.575 752.62 54.3447 294.752 43.6682 771.697 19.8919 311.812 25.2104 14.8412 286.602 70.6168 518.251 340.022 332.405 1050.9 7.66462 178.229 687.411 651.491 540.054 58.529
internal_count=3087485 2965450 2965116 122035 116313 515001 5722 2450115 102659 91757 433417 595133 13654 81584 2196 332896 1854982 100521 3526 3068 75099 582691 285886 99660 455925 10902 178 42497 9597 32900 26857 7120 19737 1499 6969 1671537 10586 738 63212 30368 49260 48294 5059 802 228 1111 156 6629 707 595 5922 12442 13070 10301 9883 2266 340 2769 186226 180006 156532 7086
is_linear=0
shrinkage=0.05


Tree=27
num_leaves=63
num_cat=0
split_feature=4 0 0 1 2 0 3 3 2 1 2 0 1 0 1 2 3 2 1 3 2 1 0 3 1 1 2 3 1 2 1 0 2 1 2 2 2 2 1 3 0 2 3 3 2 0 0 3 1 3 2 3 3 3 3 3 0 0 1 2 3 3
split_gain=4611.21 1736.14 328.141 325.448 177.986 105.039 81.5785 72.8759 50.8067 50.0139 30.8813 30.846 26.7582 21.7957 19.6686 16.2651 15.4422 14.7822 14.546 16.5965 19.1072 13.4652 13.1479 14.2395 12.9094 12.3085 15.0598 16.3731 11.1589 11.0643 11.4349 10.7435 10.171 10.0091 9.84453 9.5955 9.28952 14.1705 11.582 11.237 9.28647 9.20613 9.18444 9.39667 22.9996 12.6533 10.4305 16.7901 8.91998 8.76008 10.1056 8.66905 8.6093 8.57497 10.7848 8.5596 8.54048 8.45985 8.43676 8.40873 10.6893 8.20199
threshold=1.0000000180025095e-35 1.0000000180025095e-35 0.99696221947669972 4.3938341141000015 5.7995538711500005 0.99092754721641529 -0.21150645609999999 0.48539993170000001 7.7688174248000008 8.4591779709000026 8.2642664909500017 0.99493658542633023 6.4836039543500013 0.99173364043235768 3.9056440592000006 7.2120532989500008 1.7673547267500003 3.4121056795000002 10.916908264200002 2.2426726818000007 4.6940083504000008 11.796072006200001 0.99405291676521268 -1.8391146063999997 9.5796356201000012 3.7531179189500006 2.5733351707500005 -2.2952568530999993 6.6788682937500008 4.4485876560500008 2.2447462082000005 0.98759838938713074 3.0146428346500005 4.613032102550001 2.6628723144500004 3.6354871988000004 3.8689814806000005 4.155061721800001 8.1675949096500009 -2.1415404081499996 0.98825642466545072 2.8566193581000006 1.4125910997500002 -1.0252494811999997 2.8228577375500006 0.99281930923461859 0.99610862135887113 -2.7685713767999993 4.3780934810500005 1.7673547267500003 8.2642664909500017 -0.86205407979999993 -0.72732186319999992 -2.1067960262499992 -1.6888221502499998 -3.1615240573999994 0.98785862326621965 0.99591889977455128 2.6703354120500005 1.0000000180025095e-35 0.23694828150000002 1.0001577735000002
decision_type=2 10 8 10 10 10 10 10 10 10 10 10 10 10 8 8 10 10 10 10 10 8 10 10 10 10 8 8 10 10 8 10 10 10 8 10 8 8 10 8 10 8 10 10 10 10 10 8 10 10 10 10 10 8 8 10 10 8 8 10 8 10
left_child=1 -1 4 5 9 17 15 12 18 28 24 14 13 33 25 -4 -10 31 59 -20 -21 -22 -12 -24 -6 -7 -27 -28 34 30 -13 -3 42 -5 -2 -16 40 -38 39 -39 -14 -36 43 46 45 -45 57 -48 -19 50 -9 -29 56 -41 -55 -37 -26 -11 -32 60 -8 -25
right_child=2 3 6 7 10 11 8 49 16 32 22 29 36 -15 35 -17 -18 48 19 20 21 -23 23 61 52 26 27 51 -30 -31 58 -33 -34 -35 41 55 37 38 -40 53 -42 -43 -44 44 -46 -47 47 -49 -50 -51 -52 -53 -54 54 -56 -57 -58 -59 -60 -61 -62 -63
leaf_value=0.055110255957165892 0.019150366645919872 -0.049008923016600148 0.035074028727368499 -0.018278576406835494 0.015874011617593931 -0.026981565439113842 -0.16191330040748586 -0.0058105769099169591 0.040436483115478698 0.011739676745675469 0.023646475110400585 0.041345682180820499 -0.066771410204543663 -0.020993045053455995 -0.036354860540189049 0.050294554106790915 0.025857933773723814 -0.030970848248793727 0.031208272020647188 0.038733512864349118 -0.11684978614359068 -0.012365231145511638 0.043539319274094622 0.031719226125614265 -0.037533305174158801 0.028940651057896078 0.025623969706176298 -0.057614005514768508 0.0066281143422387504 0.0034918625691081661 -0.12673105165100604 -0.043000623151743328 0.018094560409221604 -0.039430575925530592 -0.058293598756241016 -0.014246146581705449 -0.056249136362485512 -0.078890892059726589 -0.0013698985366125322 0.047711457807314207 -0.0027571227819010325 -0.0024332289213959604 0.051437622728494482 -0.10844547644550682 -0.11328060080659448 0.0029177563798180976 0.071038263751408731 -0.13765050655267905 0.10841463098556879 0.0099689711073045213 0.039068047089351049 -0.00073218721481490103 0.017457287694335879 -0.069731833708191859 -0.01814699139698539 -0.034397723419658612 0.027779710024478502 0.057878123760249069 -0.021808485230760961 0.015928564112365966 -0.0077392246313666389 0.014299626469998786
leaf_weight=606.62686467170715 53.905497946136165 1124.4225558184262 216.00066425139084 67.690327460033586 772.49887265946018 170.36901660484727 1.1905762406531719 403.38073626311962 903.32149341795594 316.71061120653758 510.24470401974395 7.1840724716894329 5.8299933179514474 698.166165295057 1538.1897695821244 936.67481431469787 227.36229017656296 171.77954021515325 371.07029579207301 19.850704053882509 3.4828052413649857 26.896658805198971 261.69002568814903 765.00558547978289 5.0395966863725326 25.099865762982517 13.924632487352936 21.204953691572886 1026.2930067318957 53.602040725323604 1.9276544217718763 2199.1728667578427 1113.257955608191 321.86801763111725 7.4567755862371996 98.726689423609059 22.41087875032099 8.0829095364315418 106.64082951378077 4.7250651933718473 200.77297316706972 679.28559737937758 12.513874819502233 2.6169220423325887 4.6750393833499393 100.8016958568478 1.4726885557174683 2.7893298664130262 1.1555276906583447 141.93629653175594 12.946158462320453 9.7911734933149983 314.60538401978556 10.565006543765774 247.41354108706582 113.02105644735275 733.62548513850197 10.256962693762032 314.82128605566686 369.47475722653326 20.183232519542802 74.121805708156899
leaf_count=334 955 635490 878 20565 8901 25470 69 29024 1505 4417 1554 77 1276 117641 612126 1050 584 62257 1174 52 48 124 394 1781 97 642 675 5280 27866 6453 161 1152064 11698 110738 661 25861 3619 1700 8707 148 14862 45933 54 143 126 1791 1 90 108 3997 460 978 2566 2036 37188 28574 3217 29 56939 3509 338 430
internal_value=-3.20901e-11 -0.0264822 0.0234192 -0.0325802 0.0172522 -0.038785 0.0369044 -0.0164253 0.0306523 0.00901788 0.0252355 -0.0306535 -0.021588 -0.02628 -0.0331389 0.0474424 0.037505 -0.0442917 0.0211119 0.0275571 0.000584092 -0.0243437 0.030281 0.0333562 0.0207833 -0.0197283 -0.00208025 -0.0194135 0.0032526 -0.0175503 -0.0210322 -0.0450333 0.0155267 -0.0357552 -0.00142474 -0.0349811 -0.0131724 -0.0176207 -0.015327 -0.0208236 -0.0045635 -0.00303977 0.0091998 0.00799668 -0.00480389 9.98025e-05 0.012174 -0.0655406 -0.0300395 -0.000757949 -0.00441503 -0.039646 0.024384 -0.019037 -0.0202595 -0.0250021 0.0273341 0.013187 -0.022447 0.0141646 -0.0163271 0.0301805
internal_weight=18587.8 8723.45 9864.38 8116.82 6768.87 5864.39 3095.51 2252.43 1942.83 3332.04 3436.83 2367.86 1694.17 1087.72 1990.33 1152.68 1130.68 3496.53 812.149 421.3 50.2302 30.3795 1611.06 1100.82 1825.77 240.39 70.0206 44.9208 1766.94 377.535 323.933 3323.6 1565.1 389.558 740.648 1749.94 606.441 399.838 377.427 270.787 206.603 686.742 451.837 439.323 108.094 103.419 331.23 4.26202 172.935 558.263 416.327 30.9961 1053.27 262.704 257.979 211.748 738.665 326.968 316.749 390.849 21.3738 839.127
internal_count=3087485 2965450 122035 2965116 112704 2613155 9331 351961 7403 93764 18940 763236 318480 248944 699606 1928 2089 1849919 5314 1398 224 172 4159 2605 14781 33045 7575 6933 75415 63630 57177 1787554 18349 131303 47549 666561 69536 53398 49779 41072 16138 46594 6651 6597 2060 1934 4537 91 62365 33481 29484 6258 5880 39372 39224 54435 3314 4446 57100 3916 407 2211
is_linear=0
shrinkage=0.05


Tree=28
num_leaves=63
num_cat=0
split_feature=4 0 0 1 2 3 3 0 1 0 2 2 1 1 2 2 1 1 2 0 3 3 3 2 3 3 3 3 3 0 3 0 3 3 3 2 2 1 1 3 2 1 1 0 1 1 2 0 0 0 3 2 0 3 2 0 3 2 1 0 0 3
split_gain=4342.73 1654.09 323.278 310.29 204.083 82.7255 77.9895 72.6957 66.5436 22.6928 21.7414 21.5974 21.0206 19.7473 18.5726 16.3044 15.0478 14.1255 13.8744 13.0555 12.7273 15.6596 12.4152 16.9451 14.3488 11.8324 12.6974 11.6593 11.5627 10.7421 16.3394 10.6781 10.4996 11.4862 10.1709 10.1588 9.98876 11.9721 11.9383 10.706 9.5775 9.48074 11.2485 9.35013 15.8541 8.99412 8.96194 10.306 8.64679 10.2017 8.52315 8.52099 8.47043 8.02623 7.8787 20.5416 9.13925 10.7776 7.81489 7.64568 7.60929 9.73455
threshold=1.0000000180025095e-35 1.0000000180025095e-35 0.99749696254730169 1.0000000180025095e-35 6.9871268272500009 -0.40638962384999994 0.75774592160000009 0.99127593636512767 7.5018572807500012 0.98881179094314564 6.2974455356500005 4.9177696705000011 9.5796356201000012 5.9276578426500004 9.9177846908500022 1.6520034671000003 6.4836039543500013 7.6502346992500012 8.9321832657000027 0.99696221947669972 -1.2125289439999998 -1.1998778581999998 -0.57854521274999982 3.8968374729500006 -0.52968072889999995 1.3381136656000001 -0.38830970229999995 -0.77445140479999985 -2.1550192832999997 0.99529263377189625 -1.8933705091499997 0.98981776833534219 -0.67542445659999995 -0.78986746069999991 1.9670250415500001 3.8141752481500002 2.7745139599000006 8.9386439323500024 5.9865863323000008 1.0001577735000002 7.7688174248000008 4.8872103691000008 4.2777526378500008 0.99326011538505521 10.621663570400001 3.7947596311500003 1.5961279869000002 0.99362677335739114 0.99281930923461859 0.99202126264572121 -0.6295646428999998 3.7896949052500006 0.98593878746032659 -0.87749439474999991 2.1457420587500002 0.99362677335739114 -1.3339170217499998 1.0000000180025095e-35 13.406540870650002 0.98778679966926564 0.99542945623397816 -1.4716600775999997
decision_type=2 10 8 10 10 10 10 10 10 10 8 10 10 10 10 10 10 10 10 10 8 8 10 10 10 10 10 10 8 10 10 10 8 10 10 10 10 10 10 10 10 10 10 10 10 10 10 10 10 10 8 10 10 8 10 10 10 10 10 10 10 10
left_child=1 -1 4 7 8 9 10 15 28 17 -4 19 22 -7 29 31 32 -5 58 -9 54 -22 23 35 -24 26 51 -12 41 -6 -31 -3 33 60 -20 52 37 38 -28 46 -32 42 -2 44 -16 -35 -40 -48 49 -37 -34 -15 -10 -13 55 -14 57 -57 -8 -19 -11 -62
right_child=2 3 6 5 14 13 18 11 12 16 27 53 20 25 43 -17 -18 59 34 -21 21 -23 24 -25 -26 -27 36 -29 -30 30 40 -33 50 45 -36 48 -38 -39 39 -41 -42 -43 -44 -45 -46 -47 47 -49 -50 -51 -52 -53 -54 -55 -56 56 -58 -59 -60 -61 61 -63
leaf_value=0.054938150760144258 -0.0010228528357572905 -0.047265193284975499 0.028410176061969647 -0.041497104598288349 0.02273157991966622 -0.017606277115508995 0.019786307650229921 -0.033100526754806285 -0.081806401978416182 -0.025269405922178318 0.053955267038179912 -0.035963531819694278 -0.11326685836699231 0.051840559204996174 0.049550339752441594 -0.035267194108414161 -0.01426138637592491 -0.037223208414027521 0.039042953182964767 -0.0049476553463445004 -0.10290847896792162 0.016864202838506894 -0.10343406610072813 0.017384021592187136 0.0028168499991492318 0.0066054867073132469 0.035047021589403586 0.044246524204182916 -7.0932115230498609e-05 0.048510353792912173 0.018299310967772181 -0.040345788468163744 -0.075534614857351814 0.030050308260511978 0.022327492186689637 -0.091186001959644922 -0.0041643590071106735 0.015499209807883597 -0.02002287273307489 -0.084316566781771601 0.030586876976518691 0.01885668568590888 -0.09773160417772063 0.037798860219635209 0.0045592070425904581 -0.013327576586214866 -0.0045326096453065 -0.095019129335258939 -0.10312503736003063 0.038948082254074645 -0.029332454202873962 -0.083246106936811309 0.0074764228477877757 0.0051158775707284693 0.029387689087844993 0.0078949920139245212 0.053220630407266906 -0.123829365466121 0.035534521149170828 0.023700205370386838 -0.040430970074009899 0.0012974107442121974
leaf_weight=586.4370311498642 22.290885579364843 2095.9922424727411 153.33502961578779 263.9551512276812 1193.1935187175404 331.87580896654981 447.47749453131109 1517.4954558710451 2.6701948493719092 521.29374459257815 535.021776407375 15.218727951170875 3.3575015290407455 12.707296900800428 29.972943004686385 458.51754510335741 376.9193739592738 8.3430491485632974 327.87289937864989 42.328995772870257 2.7359490527305752 1075.7304961368209 3.2139171259477726 868.45033683936344 280.65596438164357 226.51598919101525 7.0441310399910426 732.74366284837015 1179.7548086168827 104.41956122801639 210.49024826160166 759.6409859933774 10.137632867670616 17.822887470247224 125.96799134556204 2.3610066834371519 307.40290441259276 18.908327278099023 73.126111452584155 8.996413416694848 643.09590600279626 144.39485599944601 3.475597735377959 573.26992398430593 56.473600246012211 36.264036501233932 4.8050658986903718 9.1178164728917164 3.7927066476549953 4.1588535164482892 650.02341818719287 1.2854491478065018 517.92258971277624 54.372688196424861 350.02726080687717 17.611755579186145 11.095502616604788 1.7030113340588275 95.608880103332922 13.454728251032064 18.266707512317225 59.505422497284599
leaf_count=334 1057 1288628 697 98549 5282 38794 2590 579808 162 86841 388 3776 140 204 56 183445 47010 1155 454 2883 33 9757 234 10027 6965 7221 466 1111 60620 181 1440 382909 2017 651 284 121 23460 601 8043 1261 2051 3138 363 1114 151 4408 357 987 178 41 184209 190 10874 8666 2028 234 41 25 198 817 2740 5020
internal_value=5.81327e-10 -0.0260889 0.022825 -0.0320875 0.0175804 -0.0193369 0.038672 -0.0397678 0.0109725 -0.0252708 0.046193 -0.0311207 0.0149577 -0.00763256 0.0281482 -0.0440192 -0.0230677 -0.0383025 0.0279509 -0.0323365 0.0193431 0.0165604 0.011148 0.0130821 0.0016139 -0.00269154 -0.00744111 0.0483438 0.00168651 0.0258975 0.0298407 -0.0454245 -0.0255951 -0.0211005 0.0344034 0.00604502 -0.00896851 -0.0210737 -0.0277818 -0.0323898 0.0275568 0.0138711 -0.0140677 0.0354874 0.0201586 0.000966436 -0.0270232 -0.0637904 -0.0430964 -0.00817677 -0.0300419 0.0394308 0.00701848 -0.00386765 0.0271626 0.00409793 0.0170558 -0.00371934 0.0225587 0.000381909 -0.0230928 -0.00850353
internal_weight=18232.1 8507.78 9724.35 7921.34 7306.32 2977.77 2418.03 4943.57 4495.4 1975.99 1421.1 1629.42 3145.49 1001.79 2810.92 3314.15 1690.23 285.753 996.927 1559.82 1462.26 1078.47 1683.23 1399.36 283.87 669.91 443.394 1267.77 1349.92 2151.2 958.006 2855.63 1313.31 653.153 453.841 530.905 429.401 121.998 103.09 96.0454 853.586 170.161 25.7665 659.716 86.4465 54.0869 87.049 13.9229 10.3126 6.51986 660.161 13.9927 520.593 69.5914 383.795 33.7678 30.4103 19.3148 543.086 21.7978 599.066 77.7721
internal_count=3087485 2965450 122035 2965116 116313 515001 5722 2450115 106038 433417 2196 595133 40860 81584 10275 1854982 332896 100521 3526 582691 12258 9790 28602 21403 7199 42790 35569 1499 65178 8954 3672 1671537 285886 99660 738 11376 35175 11715 11114 10648 3491 4558 1420 1321 207 5059 9387 1344 340 162 186226 394 11036 12442 2468 440 300 259 2788 1972 94601 7760
is_linear=0
shrinkage=0.05


Tree=29
num_leaves=63
num_cat=0
split_feature=4 0 1 3 0 1 3 2 2 1 0 1 2 2 1 3 0 3 1 0 0 2 3 1 0 3 1 2 2 2 0 2 2 3 3 2 1 0 3 0 2 3 0 2 1 0 0 2 2 1 2 1 3 2 3 3 3 1 2 2 3 3
split_gain=4084.01 1574.95 318.035 296.113 142.64 98.7994 74.1059 67.4509 62.7863 45.296 44.3732 34.4531 24.8421 24.6058 21.7539 16.1513 15.5197 19.1941 15.0575 14.1883 13.6084 13.4365 12.7903 14.6547 12.7717 12.7116 13.9212 15.6906 22.7122 12.1967 12.0839 11.5945 20.967 11.132 10.9447 12.0147 14.6962 24.2356 10.7738 11.3175 10.6986 10.5758 15.0831 13.4157 10.8731 10.2281 9.68219 9.65223 10.8541 10.3467 9.47579 18.6936 9.45082 9.36281 9.19958 8.99349 12.8844 8.88477 8.86264 8.78706 8.7776 8.8325
threshold=1.0000000180025095e-35 1.0000000180025095e-35 9.5796356201000012 -1.0528512001499999 0.99749696254730169 9.5796356201000012 0.91515421870000013 7.4548234939500011 6.5113930702500005 6.1652591228500011 0.98975870013236966 9.5796356201000012 3.6992740631500003 3.5797259808000006 6.6788682937500008 -0.75889000294999986 0.99390479922294572 0.69096937775000011 6.4836039543500013 0.99242612719535772 0.99610862135887113 9.9177846908500022 1.9670250415500001 12.385969162000002 0.98931959271430969 -0.24762415889999997 13.406540870650002 4.4905934334000008 4.643785953500001 5.008239746100001 0.98981776833534219 5.7995538711500005 5.6223602295000008 1.7673547267500003 1.6298171282000002 4.8242316246000003 11.303113460550001 0.99696221947669972 1.0001577735000002 0.99529263377189625 2.5733351707500005 0.28585800530000005 0.99220043420791615 3.3897666931500008 3.9614530802000005 0.99331837892532315 0.98560228943824768 2.5452592373000003 5.7995538711500005 3.2849408388000003 5.4229993820000013 12.385969162000002 -1.8933705091499997 4.2407991886000014 0.63187745215000013 -0.40638962384999994 -0.70959281919999995 3.4916312694500005 3.5797259808000006 2.4248061180000007 -0.93088456989999979 -0.75889000294999986
decision_type=2 10 8 10 8 8 10 10 10 10 10 10 10 10 10 10 10 10 10 10 10 10 10 10 10 10 10 8 8 10 10 10 10 8 8 8 10 10 10 10 8 8 10 8 10 10 10 8 10 8 8 10 10 10 8 10 10 8 10 10 10 10
left_child=1 -1 8 5 7 12 15 11 14 19 59 -4 18 -12 41 -6 17 -13 24 -5 -11 -10 23 -8 -3 -18 27 -27 -29 53 -15 32 33 34 35 -30 37 -37 39 -9 -26 43 58 -2 -45 -44 -16 55 49 -49 51 -38 -41 -17 -47 56 -21 -51 -43 -7 -22 -62
right_child=2 3 4 9 6 10 22 38 21 20 13 16 -14 30 46 29 25 -19 -20 47 60 -23 -24 -25 40 26 -28 28 31 -31 -32 -33 -34 -35 -36 36 50 -39 -40 52 -42 42 45 44 -46 54 -48 48 -50 57 -52 -53 -54 -55 -56 -57 -58 -59 -60 -61 61 -63
leaf_value=0.054777767257120559 0.023130007777195226 -0.041371025571167841 -0.0018974078756335971 -0.035769362668100477 0.053439851482966851 -0.046685917582502234 0.022081342769600675 0.026934148246250563 0.020566645986253736 -0.010078264836507003 -0.037407562231792583 0.01314777424943674 -0.013801382276400501 0.034152016490702285 -0.078513768747668564 0.028016278524454277 0.027034819506909016 -0.098017061133697472 -0.017459641513621081 -0.0056209854037313238 0.06272335762624838 0.044118624840122835 0.018408510572159698 0.038868746952563191 -0.015590023861601389 0.026659581106899824 0.040757886725079524 -0.11840049067633636 0.03125437590366361 0.043916888942719376 -0.022185081031731467 0.015761027457249718 -0.10976835154361311 -0.10006026263761746 0.057045492231860652 -0.081296721853964124 -0.11084650901651559 0.0073964343467601435 0.016778673028967909 0.049139775155223886 -0.031208295520972824 -0.010120515331725415 -0.051603436473599933 -0.11203307767760776 -0.00037259353602345409 -0.10392337199117135 0.0091051358793624651 0.0040782073524811583 0.009373180237042868 -0.084598624696649138 0.033445969915389895 0.022710993312727915 0.032942444599528505 -0.031479042903254643 -0.0067411092575732738 0.0067568970969159332 -0.085763632758041108 -0.021893324466411276 0.010846650130329911 -0.035915982752538045 -0.09296403568108913 0.0032034530920412663
leaf_weight=566.51846551895142 73.943027628120035 264.07208227310912 222.02905869382084 129.61595195524569 523.4581769258948 2035.7147333288594 223.74443537904881 945.79176600894425 749.31984383158851 408.328615539358 1904.5927624884644 561.36991362605477 317.85866226645885 9.9811040763743204 3.1576171973720184 52.071035913657397 647.32782848589704 3.9100939170457414 219.97360109133297 17.469748235889714 6.1629577996209255 65.882493747398257 265.57258572196588 310.28966434625909 130.32064103329321 131.2742436658591 49.942923145601526 3.6567594443913549 18.671147774672136 782.25269918737467 205.26800033115433 150.3380390307866 4.6801825694274148 2.7607316907960913 8.1602513352408987 16.051692567067221 4.0692579410970193 14.807178202085199 148.03218921890948 100.98438695911318 691.22014938021312 133.97490894622752 29.109038871130906 2.2022742575500152 217.50959070306271 2.5993443902116269 2135.8930382495746 38.925311532861087 30.556243481347337 5.6944722182233818 17.868374340352606 7.3562055530492216 832.34116942470428 7.5746645936742416 38.562227266374975 67.21108206291683 7.0344714706297955 708.64912510474096 80.791696769942064 208.81733254282153 2.405712528503499 317.64525885827607
leaf_count=334 1458 105420 19403 41668 402 1294426 892 2843 5404 34357 887250 5495 54656 626 222 175 4019 99 31988 1839 199 124 824 508 14892 835 210 93 123 1123 59334 1418 150 63 26 595 88 117 848 138 187328 10542 2829 191 9779 510 43333 1758 3455 971 118 41 1993 64 2280 4386 1259 133461 2660 91528 321 13994
internal_value=4.99562e-11 -0.0256921 0.0222217 -0.0315915 0.0291764 -0.0368672 0.0394639 0.0234529 0.0102996 -0.0134332 -0.0407844 0.0165886 -0.0263366 -0.0355966 0.00664906 0.0465432 0.0190879 0.0123788 -0.0293884 -0.0203301 -0.00399537 0.0224701 0.0273759 0.0318353 -0.0318055 0.0226094 0.0159416 0.0126774 0.00528864 0.0422551 -0.0195727 0.00713656 -0.00659482 -0.00121433 0.00192288 -0.0037837 -0.0146594 -0.0387386 0.0297657 0.0307888 -0.0287308 -0.00195139 -0.00881214 0.00470802 -0.00149182 -0.0289198 0.00897579 -0.0180444 -0.0198402 -0.0210253 0.0107063 -0.0248564 0.034695 0.0204607 -0.0128781 -0.00269705 -0.0286277 -0.0223932 -0.00223301 -0.0456839 0.00361872 0.0024806
internal_weight=17883.4 8294.04 9589.33 7727.52 6056.39 5987.82 2164.96 3891.42 3532.95 1739.7 4364.37 1864.27 1623.45 2119.84 2717.74 1365.36 1642.24 565.28 1305.59 1005.16 734.543 815.202 799.607 534.034 1085.61 1076.96 429.637 379.694 248.42 841.898 215.249 244.763 94.425 89.7448 86.9841 78.8239 60.1527 30.8589 2027.15 1879.12 821.541 578.692 285.037 293.655 219.712 70.2706 2139.05 875.54 783.825 753.269 29.2938 11.4255 933.326 59.6457 41.1616 91.7153 24.5042 714.344 214.767 2244.53 326.214 320.051
internal_count=3087485 2965450 122035 2965116 42703 2727448 3988 38715 79332 237668 2333164 32893 394284 947210 73804 1764 13490 5594 339628 188797 48871 5528 2224 1400 307640 7896 3877 3667 2832 1362 59960 2739 1321 1171 1108 1082 959 712 5822 4974 202220 30249 18821 11428 9970 5619 43555 147129 139645 136190 247 129 2131 239 2790 7484 3098 134432 13202 1385954 14514 14315
is_linear=0
shrinkage=0.05


Tree=30
num_leaves=63
num_cat=0
split_feature=4 0 1 0 0 1 3 1 2 2 1 2 1 3 0 1 0 3 0 1 0 2 3 2 2 1 3 3 1 2 1 1 3 2 2 1 3 3 2 1 3 0 1 2 3 0 2 3 2 1 1 0 3 2 2 3 3 0 1 3 1 1
split_gain=3839.52 1498.87 312.618 283.141 135.965 79.2856 74.8604 70.2301 61.9713 61.161 34.8049 27.3436 22.4584 21.1464 19.6426 18.7606 17.8607 16.3815 14.5081 14.0029 13.9349 13.7261 13.2108 13.8267 12.766 12.561 14.0775 18.2578 13.4355 11.1317 10.6685 14.5687 10.65 10.4384 10.538 10.238 14.297 23.1387 10.0353 9.64476 9.51321 9.50157 17.3027 9.45461 9.15181 10.9074 9.09335 9.08379 9.89906 12.3723 14.9693 12.9364 11.8748 9.06614 9.02772 10.7195 9.05206 16.8698 17.2993 12.9066 13.3906 12.5576
threshold=1.0000000180025095e-35 1.0000000180025095e-35 9.5796356201000012 0.99266782402992215 0.99749696254730169 2.2447462082000005 0.66179871560000014 5.6880013943000014 7.4548234939500011 6.5113930702500005 9.5796356201000012 3.5555069446500007 7.1775269508500008 -0.78986746069999991 0.98838105797767628 6.453419685350001 0.99610862135887113 1.9670250415500001 0.98881179094314564 12.385969162000002 0.99390479922294572 3.4029409885500006 -0.75889000294999986 5.008239746100001 9.9177846908500022 10.916908264200002 0.21231634915000003 0.32985597850000009 10.360822200800003 5.5698196888000009 4.5406205654000011 5.2671751976000012 0.69096937775000011 3.4772547483500005 3.5325965881500005 10.621663570400001 0.48539993170000001 -0.54509136079999998 9.9177846908500022 4.9512667656000007 0.71887999770000011 0.99542945623397816 4.8743548393000014 9.9177846908500022 -0.98630481959999983 0.99052506685256914 4.5743048191000009 0.79564163090000017 2.5733351707500005 3.6188410520500001 3.9056440592000006 0.98897942900657621 -2.4569387435999999 4.2244176864500007 4.3677124977000004 -2.3749222755499999 -1.7955595850999997 0.99428731203079224 7.6502346992500012 -1.9662196635999998 8.311667442300001 7.7422988414500011
decision_type=2 10 8 10 8 10 10 10 10 10 10 10 10 10 10 10 10 10 10 10 10 10 10 10 10 10 10 10 10 10 10 10 10 8 8 10 10 8 10 10 8 10 8 10 10 10 10 10 8 10 10 10 8 10 10 8 8 10 10 10 8 10
left_child=1 -1 9 5 8 11 22 13 10 15 -4 14 18 21 -3 33 -9 19 -7 38 32 41 -6 35 -11 26 -22 -28 -29 30 -23 -32 46 -2 -35 36 37 -24 -8 44 -30 -5 -43 -10 45 -36 53 48 49 -20 -51 -52 -50 -12 -17 -56 57 58 -57 -59 61 -61
right_child=2 3 4 7 6 12 17 16 43 24 20 -13 -14 -15 -16 54 -18 -19 47 -21 25 29 23 -25 -26 -27 27 28 40 -31 31 -33 -34 34 39 -37 -38 -39 -40 -41 -42 42 -44 -45 -46 -47 -48 -49 52 50 51 -53 -54 -55 55 56 -58 59 -60 60 -62 -63
leaf_value=0.054635769452995933 0.010507640039539034 -0.047537736394708131 -0.0022814205314263848 -0.033654847266246304 0.053188827270001265 -0.040312149710973466 0.019032048803650392 -0.012431230006952988 0.026869974658280095 0.019996546507881546 0.0077098969004738812 -0.024045705092746488 -0.0091501013946230971 -0.016906789942769479 -0.039845872469030326 0.0051689981101693443 0.001459455517205375 0.017595630310932288 -0.063493529974383053 0.038728476206513554 0.020803939643184634 -0.023243097640260842 0.031922434970509415 0.044423107772852605 0.043161109004468845 0.027948537983668306 -0.12016211323455904 0.015308846253225648 -0.079864038146714694 -0.068074090417825625 0.012436085656309624 -0.043500098794303763 -0.092232014244238714 -0.10457008221932568 -0.077282483438552929 0.028294337256891868 0.031323335495679228 -0.18658492112777184 0.040931780366302059 -0.0029828738421186804 -0.0096953146942015678 0.0096325310445555742 -0.037935313421050769 0.034439402753737608 -0.10716401081213119 -0.010291342154011042 0.017665093047305586 0.024040855740397521 -0.0026375959497149134 0.024521149660781536 0.072154708544697008 -0.025435629162095581 -0.030641646101752559 -0.029241313745440152 0.030515344356214832 0.0030006448394718356 0.011677606444270506 0.025465163970315969 -0.072483508855938683 -0.11199622954672001 -0.11644368790780486 0.037915842237766624
leaf_weight=546.72117531299591 112.50684242649004 1325.0087961261306 220.4919072042685 697.60025927450624 506.65905340306927 239.71349775028648 224.80057755403686 620.71567114675418 1418.6916501728119 740.39790755067952 176.46815269364743 207.50300539450836 155.48172327669454 615.09408851989429 2221.6665923483961 1204.6715276183968 368.97759326198138 263.97493400122039 10.505045819329096 373.68445371650159 457.25505625919322 134.857948518591 2.1763930590823293 636.88343354908284 64.671904535265639 505.88953778764699 3.0562359134200952 71.163568804855458 6.31554136343766 10.380516869947312 55.770009224652313 14.711185437277889 2.41840203013271 2.7411331739276648 7.2403466198593369 35.285505601437762 4.8494346523657441 2.7329738740809244 68.175649533979595 315.84277410930372 20.540555906365629 36.76442243612837 39.827538983838167 581.67295805609319 3.3133573109516865 37.788089943991508 356.94727944489568 8.8700953485677001 40.221848387445789 27.56318889267277 3.605352865997701 58.419516563415527 643.33335931299371 18.323532878188416 69.576882923138328 14.972330526274165 860.56584973388817 39.090067846118473 15.394537616171872 1.8428198581095783 3.5058353096246702 5.7732287945691496
leaf_count=334 3415 863563 19403 240955 402 96353 988 67360 4614 5404 2303 72631 17013 104812 1217638 31039 18258 824 2681 612 3336 33739 7 886 124 3119 146 795 189 3017 5852 3504 99 268 1281 96 12 74 87 18340 311 2578 10936 1208 330 2488 2877 600 4949 1308 248 8008 189113 315 583 318 14745 338 444 93 76 46
internal_value=4.24785e-10 -0.0253038 0.0216252 -0.0311028 0.0285919 -0.0381251 0.038758 -0.017728 0.0229804 0.00976454 0.0163548 -0.0416873 -0.0268656 -0.0241876 -0.0427195 0.00615185 -0.0072525 0.0281378 -0.029534 0.0323121 0.0188939 -0.0287115 0.0470734 0.0425297 0.0218574 0.0222419 0.0170712 0.00018458 0.00393697 -0.0175577 -0.0150039 0.000760807 0.0124643 -0.00281602 -0.00690133 0.0157584 -0.0295687 -0.0897175 0.0241281 -0.0061662 -0.0261964 -0.0318194 -0.0151026 0.029071 -0.0269646 -0.0210632 0.0129232 -0.0262739 -0.0268434 -0.0121578 -0.00613824 -0.0197629 -0.0289938 0.004234 0.00809258 0.0115772 0.0101771 -0.00584785 -0.0352662 0.0119436 -0.0355807 0.00164232
internal_weight=17541.7 8083.31 9458.35 7536.59 5958.46 4941.89 2119.22 2594.7 3839.23 3499.9 1838.87 3754.18 1187.71 1605.01 3546.68 2694.83 989.693 930.636 1032.23 666.661 1618.38 989.912 1188.59 681.928 805.07 1064.22 558.331 101.076 98.0197 215.72 205.339 70.4812 554.157 479.433 366.926 45.0443 9.7588 4.90937 292.976 364.185 26.8561 774.192 76.592 2000.36 48.3418 45.0284 551.739 792.518 783.648 100.093 89.5881 62.0249 683.555 194.792 2215.39 1010.72 941.145 80.5788 30.3669 50.212 11.1219 7.61605
internal_count=3087485 2965450 122035 2965116 42703 2474105 3988 491011 38715 79332 32893 2153832 320273 405393 2081201 73804 85618 2511 303260 1687 13490 300581 1477 1075 5528 7896 4777 1441 1295 46112 43095 9356 5594 26122 22707 189 93 81 1075 22439 500 254469 13514 5822 4099 3769 5495 206907 206307 12245 9564 8256 194062 2618 47682 16643 16060 1315 762 553 215 139
is_linear=0
shrinkage=0.05


Tree=31
num_leaves=63
num_cat=0
split_feature=4 0 1 0 0 3 1 1 2 2 2 1 2 1 0 3 2 2 0 2 0 3 2 0 3 3 1 1 1 3 0 0 3 3 2 3 3 1 3 0 0 3 2 0 1 3 2 1 0 3 1 3 3 1 0 2 3 3 1 1 2 0
split_gain=3601.69 1424.63 301.727 273.277 145.714 76.8998 76.6365 64.2422 50.0811 44.3549 34.6307 27.3717 26.5827 20.5399 19.2925 19.1028 17.298 16.8341 16.2174 15.8724 15.0217 14.6319 13.9885 13.711 13.6307 16.7824 13.4135 11.9742 11.4396 13.3806 11.1191 13.6264 11.0664 12.2802 10.6203 10.5113 22.0637 19.163 17.7363 16.8266 13.3405 13.5892 12.3163 11.1849 10.3807 10.1613 9.89379 9.84511 9.72651 9.18277 12.1891 8.94835 10.421 8.8999 8.82353 8.663 22.7092 9.55941 10.6715 9.67979 9.59781 9.51329
threshold=1.0000000180025095e-35 1.0000000180025095e-35 9.2959427833500019 0.99266782402992215 0.99659603834152222 -0.21150645609999999 2.2447462082000005 5.6880013943000014 7.4548234939500011 4.3677124977000004 8.9321832657000027 9.2959427833500019 3.5555069446500007 7.1775269508500008 0.98838105797767628 -0.78986746069999991 7.7688174248000008 4.294911861400001 0.99610862135887113 7.2120532989500008 0.99445441365241971 1.9670250415500001 3.4029409885500006 0.98881179094314564 -0.22884303334999997 -0.021496832349999998 7.5503809452500006 13.406540870650002 6.6206948757000008 -0.47938941419999992 0.99369293451309171 0.99397811293601968 -0.15572600064999997 1.1460097432000003 5.2212238311500005 -1.1416398286999998 -1.1054666637999997 9.7685647011000025 0.10601655765000001 0.99349582195281971 0.99610862135887113 -0.19404163954999995 3.6715024709500006 0.99529263377189625 8.6349406242500013 -2.4074096679499997 5.5698196888000009 10.157680511450002 0.99421235918998674 -1.3750284909999997 4.5406205654000011 1.5150524377500003 -2.1932777165999995 5.2671751976000012 0.99493658542633023 3.7896949052500006 1.9670250415500001 -1.6888221502499998 4.9512667656000007 4.999149322500001 4.2244176864500007 0.99542945623397816
decision_type=2 10 8 10 8 10 10 10 10 10 10 10 10 10 10 10 10 10 10 8 10 10 10 10 10 10 10 10 10 10 10 10 10 10 8 10 10 10 10 10 10 8 8 8 10 8 10 10 8 10 10 10 8 10 10 8 8 10 10 10 10 10
left_child=1 -1 9 6 8 19 12 15 11 17 32 -4 14 23 -3 22 24 20 -9 47 28 -12 -5 -8 26 34 45 35 -2 -30 -19 -32 -7 -34 -26 39 -37 38 40 -13 41 42 -38 -40 -36 -11 49 -6 -31 50 -24 52 -33 -52 -18 56 -22 60 -59 -60 61 -57
right_child=2 3 4 7 5 10 13 18 -10 16 21 27 -14 -15 -16 -17 54 30 -20 -21 55 -23 46 -25 25 -27 -28 -29 29 48 31 51 33 -35 44 36 37 -39 43 -41 -42 -43 -44 -45 -46 -47 -48 -49 -50 -51 53 -53 -54 -55 -56 57 -58 58 59 -61 -62 -63
leaf_value=0.054498081455385733 -0.009352584213974259 -0.047166795480900733 -0.0028726883785385789 -0.031211219938770015 0.012192618464546928 -0.022905200172061334 -0.03975728950576779 -0.012327900644610168 0.026456254055408364 0.029890941753277042 0.039211661737933702 0.012365038443941993 -0.023698406321332997 -0.0094997477951125966 -0.039392688749855354 -0.016722994400166055 0.015197957841758284 -0.096295645321348114 0.00095683070637288194 0.048852496295137507 0.019632178656356098 0.021403343993103462 -0.018884433363412306 -0.025897664427987351 -0.10674463796048515 0.0049985600723424246 0.017488824997600932 0.036996241941154251 0.0034409207600975471 -0.074600135760563277 0.061923073145525288 0.024453111206351658 0.028358804825133855 0.01687171792068359 -0.0065547484695914586 -0.1095899380263935 -0.11782292261311283 0.014590499400064558 -0.023817255412174713 0.025759614181058502 0.03083867602740575 -0.11432062164868878 -0.0012778935175049816 -0.11915302162862894 -0.10990992954587962 0.002872796481164468 -0.066224431716450802 0.039188974731216707 0.022608553468128574 -0.033008519220714592 0.019865728523285012 0.055594710157964439 -0.10954027660257964 -0.032117918384514173 0.033210293205368883 0.02851996538886678 -0.11589771465449908 -0.11107301867914675 0.059061895706703005 -0.0047886110996726182 -0.11081040954899098 -0.024331324120942955
leaf_weight=527.16309547424316 282.66110441507772 1268.1433209827228 207.02174108219333 755.64980728077353 43.998607193701901 13.123150450177489 231.61379509922699 615.37512040266301 1621.6439260018524 39.051433452637866 741.2798751903465 503.30775592394639 204.07665468356572 154.45305416788324 2152.8075745703245 609.90171443877625 121.21247720427345 6.7142446546349701 366.57903554604854 893.57729296386242 206.81126088113524 136.599098240491 98.539444201305741 777.36748406069819 4.7280975286848843 207.31374839058844 783.4203115766868 68.212763230549172 706.50210834929021 9.3715020572999457 3.843674035742878 1.97942056087777 531.18056222453015 413.99591905693524 15.522280477453029 3.8590015507070339 2.4550386744085699 402.8717155433842 6.5915843832772198 438.9492605025298 19.784692189656198 3.4741764307254916 29.580432694754563 5.7692219025921085 2.8801940139383069 319.63939206907526 9.6365052533219551 145.29030432645231 3.5473250529030347 49.939509651478147 45.349694758187979 1.6306077269837258 5.4360911148833093 10.060137415479401 154.8428397931857 60.237007001182064 3.1376990594435474 2.2815053600352249 6.1964497840963295 141.09699907357572 1.407718040049075 9.9161619505612162
leaf_count=334 19323 863563 19150 254469 293 80 96353 67360 4904 476 1162 5170 72631 17013 1217638 104812 672 496 18258 1101 3358 395 25655 206907 397 5111 8457 390 18612 829 50 26 2238 2057 448 101 88 4320 188 2839 139 183 534 296 122 8721 3017 404 170 10831 4167 13 410 2442 553 1227 143 232 24 5735 55 343
internal_value=2.78034e-11 -0.0248993 0.0210118 -0.0305943 0.0273532 0.0354986 -0.0376453 -0.0174107 0.0201776 0.00826796 0.0292664 0.0141595 -0.0412288 -0.0264799 -0.0422745 -0.0236555 0.0138811 0.00189819 -0.0073685 0.0460664 0.00252768 0.0364407 -0.0280181 -0.0290792 0.0115842 0.000491505 0.0138223 0.0165342 -0.000829782 0.00251883 -0.0441213 -0.0169438 0.0226942 0.0233274 -0.0399041 0.0155489 0.00947895 0.0104555 -0.0141676 0.0186049 -0.00206344 -0.0203953 -0.0102093 -0.0683138 -0.022731 0.00581432 -0.0167178 0.0329139 -0.047908 -0.0143779 -0.00833435 -0.0504542 -0.0737735 0.0104276 0.0253013 0.0103323 0.0176067 0.00342593 -0.00376466 -0.0021025 0.0184555 0.0210494
internal_weight=17210.6 7876.66 9333.95 7349.49 6232.57 2919.04 4788.46 2561.03 3313.52 3101.38 1836.18 1691.88 3625.03 1163.43 3420.95 1579.08 1648.61 1452.77 981.954 1082.87 1433.17 877.879 969.175 1008.98 1372.56 230.444 1142.11 1484.86 1002.08 719.421 19.604 12.8898 958.3 945.176 23.1306 1416.64 474.386 470.527 67.6551 942.257 55.2943 35.5096 32.0355 12.3608 18.4025 358.691 213.525 189.289 12.9188 203.889 153.949 9.04612 7.41551 55.4098 276.055 431.085 209.949 221.136 149.575 147.293 71.5609 70.1532
internal_count=3087485 2965450 122035 2965116 46032 7730 2474105 491011 38302 76003 5932 33398 2153832 320273 2081201 405393 24957 51046 85618 1798 50051 1557 300581 303260 23732 6078 17654 14248 38934 19611 995 499 4375 4295 967 13858 5849 5748 1428 8009 944 805 622 484 570 9197 46112 697 999 43095 32264 449 436 6609 1225 11117 3501 7616 5991 5759 1625 1570
is_linear=0
shrinkage=0.05


Tree=32
num_leaves=63
num_cat=0
split_feature=4 0 0 0 2 3 1 1 1 0 2 1 0 2 2 2 3 2 0 1 3 3 1 3 2 2 3 3 2 3 0 2 0 1 1 3 0 2 3 3 0 3 0 2 1 0 3 0 0 2 0 2 3 3 0 1 3 1 3 2 1 3
split_gain=3398.35 1355.04 292.756 259.042 177.282 81.6788 74.3491 60.8114 59.6576 26.3303 22.4791 19.6551 18.9192 18.9094 18.0418 17.2248 16.3266 14.7319 14.1198 13.4889 12.8854 12.6769 20.0134 12.2208 13.172 11.9073 11.5275 11.4498 11.3618 25.8104 11.1718 15.0494 10.9407 14.0333 10.8717 10.4062 13.5814 10.5647 16.3012 10.4314 13.3531 10.3666 9.94653 9.52065 9.32797 10.3096 10.9423 12.0081 11.0432 10.3201 9.95167 9.23006 9.07215 8.89286 8.87059 8.72682 10.0749 10.5954 8.59989 12.0254 14.2085 11.0083
threshold=1.0000000180025095e-35 1.0000000180025095e-35 0.99749696254730169 0.99266782402992215 6.8185496330500008 0.66179871560000014 2.2447462082000005 8.4591779709000026 5.9276578426500004 0.98909381031990018 8.9321832657000027 8.8421487808000006 0.99428731203079224 3.5901259184000005 6.2974455356500005 8.9321832657000027 1.3381136656000001 2.5733351707500005 0.98881179094314564 10.916908264200002 1.9670250415500001 0.91515421870000013 7.6974678039500004 0.79564163090000017 2.1035652160500002 2.5180457830500003 -1.4498454332499999 1.0001577735000002 2.3946442604500002 1.4125910997500002 0.99421235918998674 1.9554678202000002 0.99610862135887113 5.3952968120500016 3.6658142805000007 -1.3659878372999998 0.99454283714294378 6.1159505844000011 -2.5490050315999997 -2.2952568530999993 0.99483138322830167 1.9670250415500001 0.99445441365241971 3.4029409885500006 7.2836048603500005 0.99483138322830167 0.75774592160000009 0.99287405610084523 0.99072793126106273 3.1041786671000007 0.99326011538505521 2.4580522776000007 0.91515421870000013 -2.6641819477499999 0.98703747987747159 8.5363907814000015 -1.0528512001499999 7.5018572807500012 -2.2645664214999992 5.5187616348500006 12.385969162000002 -1.7212764620999998
decision_type=2 10 8 10 10 10 10 10 10 10 10 10 10 10 8 10 10 10 10 10 10 10 8 10 8 10 10 8 10 8 10 10 10 10 10 10 10 8 10 10 10 10 10 10 10 10 8 10 10 10 10 10 8 10 10 10 8 8 10 10 10 10
left_child=1 -1 4 6 7 14 9 17 12 -3 -6 18 43 -11 -4 28 -10 25 -8 20 35 44 32 24 34 42 -16 -25 29 -7 31 -21 -23 -34 -20 36 -9 -38 -39 -40 -41 -17 51 -5 -19 46 47 48 -46 -49 54 -2 -47 -51 -48 56 -12 -58 -33 60 61 -60
right_child=2 3 5 8 10 15 11 19 16 13 55 -13 -14 -15 26 41 -18 21 23 30 -22 22 -24 27 -26 -27 -28 -29 -30 -31 -32 58 33 -35 -36 -37 37 38 39 40 -42 -43 -44 -45 45 52 50 49 -50 53 -52 -53 -54 -55 -56 -57 57 -59 59 -61 -62 -63
leaf_value=0.054375450610271048 -0.005728489286118116 -0.045371470403503776 0.027133428033056756 -0.031285687590872781 0.021263195647610336 -0.14205240795515298 -0.03789958136783908 0.012653876962491576 -0.010712974980660433 -0.038166013804354346 0.021647679482629252 0.0083037793656315969 -0.017704007437400578 -0.019535644382490891 0.055125883808250911 0.037479675877267443 0.0050248811472122304 0.0021536513943077886 -0.075625836678945152 -0.065154893497275226 -0.098234541396782032 0.039347603723191231 -0.11942697471615947 0.050014482135538642 -0.026635540173068985 -0.097353233237086917 0.04382032896590491 -0.067661828852524669 0.021315637936612924 0.0076639565153186545 0.026381152921371432 0.022575009861677622 0.062825146322319128 -0.11788367245171333 0.0058841058904042847 0.0075716700299506548 0.031633565182212546 -0.12270870852634611 0.050192683380482099 -0.10371176011729051 0.0073070259074570895 0.020437001849857649 0.0083379075903919561 -0.017930194316188888 -0.083557327224044506 0.020759068277411918 -0.08283156804413426 -0.1024175263901461 0.019754286104607131 -0.098832412036347864 0.031315884607788606 -0.096928718590710866 -0.12763117320830114 -0.0085729574723779258 0.0087370458834964988 0.030818461571884982 0.0080651700580168292 -0.12557110312441641 -0.093663643102777347 -0.038294378747675717 -0.097145011919210544 0.032338933671659992
leaf_weight=507.94886744022369 512.53832749463618 1642.1859448686882 125.53865117602982 628.39058463135734 1576.0066803697264 3.3948076977394521 245.23887517536059 811.13203168933978 675.64242671494139 1712.1457272695261 12.470586258452384 40.128580380231142 841.85086673308979 147.96981915930519 319.82968105492182 336.76942304219119 217.95695498090936 674.14826652256306 4.4651746725430703 6.3662045578239477 2.6210426199249914 6.8757274227682483 5.1570684477919739 9.7435340259107743 791.61255931461346 3.3540690805530167 764.23952846322209 2.6237177238508584 527.22419387719128 18.934986971085895 371.33142476249486 90.301384818623774 1.599062660243362 3.2740003666840494 48.800943012000062 619.06527572061168 189.03875187865924 2.3490505919326088 13.132517161313443 2.9574500881135455 32.17554504412692 121.39000067138113 151.86309190827888 169.4161413370166 2.7174997532274565 199.05084567971062 2.6772665170719838 3.1801645091036326 53.715586926031392 2.8040123551618299 55.464198054163717 2.7893944528186685 1.0353635621722777 101.94535930117127 218.36259598721517 1204.8290079357103 3.0233747768215835 2.9116366060916361 1.850563871441415 16.440000667702407 2.6217454096768043 27.379573654965498
leaf_count=334 35302 1147483 625 224740 8284 96 99664 9453 67288 959609 48 2350 151681 46740 214 495 7125 25651 1357 290 94 211 382 302 212887 216 1190 410 2686 132 2396 772 17 306 3303 9087 1067 94 34 62 291 284 6444 40177 133 3411 148 208 942 86 657 150 52 2590 3869 2939 16 65 52 239 68 187
internal_value=-4.70575e-11 -0.0245451 0.0204886 -0.0301297 0.0154674 0.0363187 -0.0371442 0.00896028 -0.017268 -0.0407574 0.0252106 -0.0260692 -0.0229325 -0.036684 0.0450778 0.0258048 -0.00687437 0.00266384 -0.0273203 0.014721 0.0125402 0.00570661 -0.0373148 -0.0242938 -0.0250161 -0.00338046 0.0471558 0.0250494 0.0198361 -0.0150975 0.0217857 0.0100139 -0.00127217 -0.0585853 -0.000948683 0.0127141 0.0157437 0.0262014 0.00591317 0.0121731 -0.00203839 0.0329642 -0.00290805 -0.0284496 0.00625965 0.0105783 0.00630629 -0.00391062 0.0147794 -0.013683 0.0123795 -0.00622214 0.0199912 -0.0109891 0.00762795 0.0302965 -0.00387242 -0.057495 0.0134668 -0.00356485 0.0143604 0.0243617
internal_weight=16894 7686.12 9207.88 7178.17 6990.56 2217.32 4644.91 4191.31 2533.26 3502.3 2799.24 1142.61 1639.66 1860.12 1209.61 1007.71 893.599 2002.55 1102.48 2188.76 1672.47 1332.01 16.9059 857.246 844.879 670.545 1084.07 12.3673 549.554 22.3298 516.291 144.959 11.7488 4.87306 53.2661 1669.85 1050.79 239.653 50.6146 48.2655 35.133 458.159 667.191 797.807 1315.1 640.953 440.867 164.363 56.4331 107.93 276.504 515.328 200.086 104.749 221.04 1223.23 18.4056 5.93501 138.593 48.2919 31.8519 29.2301
internal_count=3087485 2965450 122035 2965116 116313 5722 2474105 104961 491011 2153832 11352 320273 416598 1006349 2029 3693 74413 80775 317923 24186 20182 38663 916 218259 217547 42112 1404 712 2914 228 4004 1608 534 323 4660 20088 11001 1548 481 387 353 779 41896 264917 37747 12096 8633 3959 1075 2884 4674 35452 3463 2676 4017 3068 129 81 1318 546 307 239
is_linear=0
shrinkage=0.05


Tree=33
num_leaves=63
num_cat=0
split_feature=4 0 0 0 1 1 3 2 1 2 0 0 2 0 3 2 2 2 0 3 1 2 2 3 0 1 1 0 3 3 2 0 3 1 2 0 2 0 2 0 3 0 1 3 2 2 3 0 1 2 1 1 3 2 2 2 2 1 3 3 0 2
split_gain=3194.74 1287.29 282.804 246.11 172.65 85.1078 81.031 42.2215 41.8495 40.5377 26.0387 23.0386 20.8993 18.0237 16.8094 17.4661 16.6887 15.7746 15.2572 14.3085 14.178 14.1226 12.9504 12.5553 12.3027 12.1382 11.8709 19.3863 19.2508 12.4326 16.1895 11.8323 11.1683 10.887 15.6312 10.7114 10.6375 10.6123 10.428 9.86939 11.262 14.127 12.4215 9.596 9.54202 10.4803 9.46736 15.6099 9.2245 17.1635 11.2689 9.031 8.9931 8.99031 13.866 8.7861 20.0241 8.65195 9.02672 12.4758 8.55964 8.5315
threshold=1.0000000180025095e-35 1.0000000180025095e-35 0.99749696254730169 0.99127593636512767 9.2959427833500019 5.6880013943000014 0.75774592160000009 4.350063800800001 7.1775269508500008 8.2642664909500017 0.99428731203079224 0.98841193318366971 6.2974455356500005 0.99610862135887113 -0.91866838929999994 6.5113930702500005 3.6850485801500006 8.9321832657000027 0.99445441365241971 -1.6554722785999998 5.653244495400001 1.6520034671000003 4.5527472496000012 -0.77445140479999985 0.99529263377189625 6.6206948757000008 10.916908264200002 0.98878601193428028 0.21231634915000003 0.66179871560000014 3.8689814806000005 0.9947320520877837 0.54236027600000003 4.124782562250001 2.5452592373000003 0.98828735947608914 5.1809973716500011 0.98314931988716114 5.6223602295000008 0.99610862135887113 -0.99838113784999993 0.99591889977455128 10.621663570400001 -0.95906108619999986 2.8228577375500006 3.4980744123000007 1.7673547267500003 0.99696221947669972 8.0259971618500021 4.7433722019000006 7.7993044853500004 5.6880013943000014 -0.97484129664999986 4.2244176864500007 4.3120691776500006 4.2407991886000014 7.4548234939500011 10.621663570400001 0.95566946265000008 0.8681984544000001 0.99120417237281766 4.9735651016500011
decision_type=2 10 8 10 10 10 10 10 10 10 10 10 8 10 10 10 10 10 10 10 8 10 10 10 10 10 10 10 10 10 10 10 10 8 10 10 10 10 10 10 10 8 10 10 8 8 10 8 10 10 8 8 10 10 10 10 8 10 8 10 10 10
left_child=1 -1 4 8 7 10 12 18 11 26 16 22 -4 -7 15 20 33 48 25 -18 38 51 -3 -14 -11 35 28 37 39 30 -30 -32 -26 34 -5 -2 -21 -28 60 40 -6 52 -43 -22 -31 -46 -29 -48 49 -8 -51 -13 -42 -20 -55 -33 -57 -47 59 -59 -9 -24
right_child=2 3 6 5 9 13 17 14 -10 24 -12 21 23 -15 -16 -17 19 -19 53 36 43 -23 61 -25 32 -27 27 46 29 44 31 55 -34 -35 -36 -37 -38 -39 -40 -41 41 42 -44 -45 45 57 47 -49 -50 50 -52 -53 -54 54 -56 56 -58 58 -60 -61 -62 -63
leaf_value=0.054251644749475275 -0.053154176697212507 -0.045505189336160982 0.025893106359585156 -0.016004202716972553 0.017045822087515945 -0.01340022045372056 -0.13513157190973119 -0.090826058799169399 -0.0061617037048265974 0.023472577043872414 -0.018161169386573996 -0.02949994221152857 0.052757078954273208 0.00013334518254131937 0.0025135036988523612 0.022761406436912962 -0.0091015341211095491 0.031808875016728848 0.0096074239115067316 -0.04714205536706275 0.011883066627821261 -0.028408986104312389 0.02717011934265702 0.041891513326871847 0.035460984240261874 0.001360177014826356 0.059516449462790666 0.023811848912991967 -0.12336330280941842 0.045853186873295287 -0.10418004085800243 0.039063178627049826 0.021588993520120385 -0.033141568675185772 -0.064694244775000534 -0.0079091365499070528 -0.0026302958273886532 -0.08992719156704207 -0.10456232741047883 0.0263563532622711 -0.10747014574910517 -0.11614325159595983 0.016483535408349164 -0.094056274019743286 -0.11096738368117148 0.0088383764770377619 0.010767222765130771 -0.10171923518590523 0.020136387769368283 0.013754812647286408 -0.13476745341848459 -0.040335128195637227 0.0071298087414661928 -0.10503837474797778 0.010289443340896987 -0.061673031076752052 0.027996029707875559 -0.10856112143507918 -0.10778282463918216 0.059950881363375987 -0.00087952645177286494 -0.045381677452216551
leaf_weight=489.03804707527161 13.519039558770599 1378.3369337888435 140.05417955655139 179.47361380883376 851.35186475160299 761.50616653749603 2.5468742963857975 3.0667029055475785 93.611141262750607 706.11908527521882 780.27519118774217 224.83044729407993 454.86033440509345 363.42301315499935 353.60660258732969 445.90012394374935 168.03797001604107 416.86732904263772 420.61231960396981 53.020498990983469 724.89994685925194 417.36794645347982 10.243411937495695 639.86953981616534 660.09424615907483 713.60060725657968 1.4970856141298998 858.53904294600943 3.8710365889128289 13.517279867548494 3.4337243337649843 7.9731423523044205 185.97192125569563 1199.5131995007687 18.150689951580716 403.79189000822953 17.97204589334433 5.752906717127189 3.6362914246274149 225.68601163523272 1.7322105990024272 4.5618299324996761 2.8800046860706061 2.1438700116705141 2.0544399968348444 72.997920254478231 15.602778715547176 3.8440155196003607 496.59834258037154 17.721235387725756 1.3763314711395676 1329.5676372753951 146.05751201254316 4.3910968299023789 6.4121782418806106 13.785344916337634 11.353765167994426 1.7212978018214924 3.393101680907419 3.0349890189245343 19.235205416451208 6.7038406798092174
leaf_count=334 2710 965072 697 27884 6856 92472 182 317 10689 2017 145902 85686 388 18258 9349 2812 36406 738 12614 15851 12691 156030 3024 1111 1285 19919 2 5446 226 43 142 42 778 528195 5400 31568 3306 173 287 1186 47 132 21 167 58 959 151 76 2274 269 63 867845 2064 402 209 444 71 55 111 17 866 3096
internal_value=-1.30753e-10 -0.0241773 0.0199212 -0.029655 0.0149836 -0.0203885 0.0356711 0.00625364 -0.0391376 0.0221267 -0.0256771 -0.0400544 0.0440795 -0.00902803 0.0120934 0.0149189 -0.0292614 0.0245681 0.000450693 -0.0170529 0.0102748 -0.0365752 -0.0449711 0.0464062 0.0283452 -0.0026011 0.0178456 0.0223581 0.0149286 -0.00284209 -0.026131 -0.0158319 0.0324118 -0.03135 -0.0204761 -0.00937488 -0.0358737 -0.0590679 -0.0260494 0.0169063 0.0147875 0.00240188 -0.0648164 0.0115707 0.00688989 0.000559765 0.0230304 -0.0114678 0.0187437 -0.0132087 0.00305105 -0.0387679 0.00578661 0.00845066 -0.0365867 -0.00667026 -0.0211751 0.00338334 -0.04548 -0.00103353 -0.0132479 -0.00152926
internal_weight=16582.6 7491.07 9091.54 7002.03 6921.64 3541.37 2169.89 3114.82 3460.66 3806.83 2416.44 3367.05 1234.78 1124.93 1552.49 1198.88 1636.17 935.11 1562.33 239.031 752.982 1971.77 1395.28 1094.73 1552.19 1130.91 2254.64 885.236 1369.41 137.136 40.417 36.546 846.066 1397.14 197.624 417.311 70.9925 7.24999 25.9382 1232.27 1006.58 155.232 7.44183 727.044 96.719 83.2017 877.986 19.4468 518.243 21.6444 19.0976 1554.4 147.79 431.416 10.8033 33.1123 25.1391 81.1473 8.14939 4.75629 22.3019 16.9473
internal_count=3087485 2965450 122035 2965116 116313 873674 5722 93911 2091442 22402 762944 2080753 2196 110730 26489 17140 617042 3526 67422 55563 14328 1109561 971192 1499 4080 54197 18322 5848 12474 2168 925 699 2063 561479 33284 34278 19157 175 1470 10306 9120 2264 153 12858 1243 1200 5673 227 2788 514 332 953531 2111 13225 611 557 515 1142 183 72 1183 6120
is_linear=0
shrinkage=0.05


Tree=34
num_leaves=63
num_cat=0
split_feature=4 0 1 0 0 1 3 2 2 1 3 2 0 1 1 3 0 2 2 2 2 2 3 2 3 1 2 3 0 2 1 3 3 2 2 3 3 2 0 2 1 0 3 3 1 0 2 2 1 0 3 0 3 3 2 2 2 2 3 0 1 1
split_gain=3006.86 1223.03 278.878 233.725 126.486 77.7025 76.0926 51.3326 49.7742 39.5184 24.0844 25.4209 22.9677 22.5565 17.5511 17.1868 16.2096 13.7784 13.4163 13.0609 12.5934 12.0754 11.833 11.8313 10.0323 8.82148 8.53639 8.38087 11.7163 8.26075 8.19649 9.98103 14.9734 8.06952 7.7097 13.5922 9.93629 9.15752 11.4524 8.81326 8.33482 10.6416 10.1311 9.30055 8.38109 8.34851 7.91995 7.87316 17.333 13.8298 7.68754 10.1095 9.05248 11.7569 7.62155 7.59176 9.34031 8.61881 7.58167 8.52285 7.78291 7.70984
threshold=1.0000000180025095e-35 1.0000000180025095e-35 9.5796356201000012 0.99127593636512767 0.99749696254730169 5.6880013943000014 0.91515421870000013 5.7995538711500005 6.5113930702500005 7.1775269508500008 -0.89092493059999989 3.7100044489000004 0.98841193318366971 9.5796356201000012 7.597681283950001 -0.75889000294999986 0.99610862135887113 1.6520034671000003 7.2120532989500008 9.9177846908500022 4.5527472496000012 6.0274384022000005 -2.1550192832999997 9.9177846908500022 1.9670250415500001 6.9983239174000014 3.8968374729500006 0.26223824920000005 0.99369293451309171 5.8678851127500007 10.621663570400001 -0.78986746069999991 0.040813218800000009 1.9554678202000002 3.4772547483500005 0.19018302855000002 -0.86205407979999993 3.3897666931500008 0.99390479922294572 3.5087287426000002 4.9512667656000007 0.99124106764793374 -0.98630481959999983 -2.0695745944999993 4.999149322500001 0.99202126264572121 3.6715024709500006 4.7433722019000006 5.1804969311000013 0.99749696254730169 -0.91866838929999994 0.99529263377189625 -0.78986746069999991 -0.86205407979999993 4.9735651016500011 2.1682319641000007 2.3946442604500002 2.2757807970000004 1.4125910997500002 0.99326011538505521 10.621663570400001 12.385969162000002
decision_type=2 10 8 10 8 10 10 10 10 10 10 10 10 10 10 10 10 10 10 10 10 10 8 10 10 8 10 10 10 10 8 10 10 8 8 10 10 10 8 8 10 10 10 8 10 10 10 10 10 8 10 10 10 8 10 8 8 8 10 10 10 10
left_child=1 -1 8 9 7 10 15 13 14 12 11 -5 20 33 22 -6 29 25 -8 27 -3 -17 -2 50 -20 -14 55 28 30 -7 31 -9 -33 -4 35 36 37 -24 -39 -36 41 -41 -43 45 46 -42 -45 48 -46 -50 51 -10 53 -52 -22 -16 57 -57 59 60 -21 -60
right_child=2 3 4 5 6 16 18 19 23 -11 -12 -13 17 -15 26 21 -18 -19 24 58 54 -23 34 -25 -26 -27 -28 -29 -30 -31 -32 32 -34 -35 39 -37 -38 38 -40 40 43 42 -44 44 47 -47 -48 -49 49 -51 52 -53 -54 -55 -56 56 -58 -59 61 -61 -62 -63
leaf_value=0.054151228809072208 0.013068703452123182 -0.045129450548461271 -0.13954418969886648 -0.031153589027581554 0.052260197644102405 -0.015142128677879785 0.014793863634913107 0.026876195955532031 0.016529160688998529 -0.0065303184180571829 -0.017486642813484041 -0.014030952874388228 -0.029887396393852239 0.01513187345925162 0.026899703789313608 0.023582031928003146 -0.00056104216059080171 -0.027896922295479118 0.034074860133298197 0.04645191879962221 0.024113278736160398 0.042326378953252794 -0.0029214546360944735 0.040536413488789322 0.019158274134898397 -0.040008649468797279 0.011444851109949463 0.015562811735403151 0.0272044521993485 0.0025676082449177535 0.012984419021099381 -0.099862302968313166 0.038970918505724844 -0.0026258923144197536 -0.097652869551996424 -0.11073960359932884 0.031304305163969107 0.037599384618023521 -0.091014309441235772 -0.075362657363958072 0.028688579145121434 -0.0032583226519784974 -0.10318040436150817 0.052420982347449324 -0.083222918718775685 -0.092337623302143901 -0.093324913612915172 0.0045838774649756241 -0.0047261772314502624 -0.12265130758551526 -0.0017024160029266882 0.032710803052671156 0.01206286828491452 -0.10874355852047415 -0.044887985158314742 -0.014211352644511829 0.0031318460379336117 -0.1191850092548392 -0.034796788362477321 0.035533796858519671 0.0064458955588971023 0.021169447688797652
leaf_weight=470.49275541305542 150.64173148025293 1322.5679471538897 1.0819246871978974 1413.3132893995207 443.49558567913482 682.44772693168488 254.26986858237069 243.52358494745567 364.85223807097645 93.157176229316974 701.51282896089833 256.03419628337724 260.43391206022352 898.73837898668717 33.259623443358578 99.2404754498275 361.67315212474205 408.41969462414272 325.54430891014636 16.104207501979545 10.625112983369037 640.18163421878126 126.60913667560089 59.92402339912951 172.42020383756608 1241.8178467253892 878.87988175585633 335.52733582287328 1110.1760324624483 72.878725177200977 314.49040112184593 3.8982303701341143 3.8703043404966593 200.90927009293227 2.5149021896068007 2.4239619183354071 38.001220013364218 25.635034937993627 1.8561874036677171 8.6497696590377 1.9592696552863342 27.486916926223788 2.7946479960810384 10.718466738006098 7.2539106361218719 5.224662198452279 1.020896631060167 238.75407246488612 473.00996447197394 2.4993842033436513 9.29201448895037 131.24143860605545 200.01717924943659 3.5435439723078153 6.4200147470983202 5.9781421187799424 552.76538941671606 2.9058058676309866 7.6440588957630089 448.20439441106282 49.601678983308375 31.561252930900082
leaf_count=334 3770 965072 62 572624 402 85492 1118 1069 2509 10689 135007 55313 101961 8870 237 361 18258 156030 665 22 3024 1001 4079 124 441 851570 13069 2446 4272 6980 1819 97 26 18846 257 217 589 404 106 1665 48 1632 330 223 1113 406 97 6878 25439 183 62 516 2243 74 3096 82 12868 112 62 825 150 149
internal_value=-3.11456e-10 -0.0238228 0.0193919 -0.0291931 0.0262304 -0.0201381 0.0365717 0.0207705 0.00802626 -0.0386392 -0.0252606 -0.0285274 -0.0395595 0.0117386 0.00472223 0.0444782 -0.00926545 -0.0360401 0.0241385 0.024647 -0.0445791 0.0398106 2.53338e-05 0.0192028 0.02891 -0.038254 0.00831409 0.0227759 0.02422 -0.0134334 0.018364 0.0250964 -0.0306952 -0.00335927 -0.00198701 0.00692049 0.00840514 0.0027582 0.0289155 -0.0042031 -0.00390156 -0.0264513 -0.01248 -0.00271592 -0.00216126 -0.0593302 0.0397464 -0.00284311 -0.00651618 -0.00534602 0.0173995 0.02081 0.00945078 -0.0312535 -0.00187592 0.00368891 0.00231442 -0.0485467 0.0314516 0.0330684 0.0162512 0.0102574
internal_weight=16272 7301.79 8970.2 6831.3 5600.48 3487.86 1935.15 3665.33 3369.71 3343.44 2370.86 1669.35 3250.28 1100.73 2600.84 1182.92 1117 1910.67 752.234 2564.6 1339.61 739.422 1127.05 768.87 497.965 1502.25 1473.79 2011.49 1675.96 755.326 565.783 251.292 7.76853 201.991 976.412 194.526 192.102 154.1 27.4912 781.887 779.372 38.9313 30.2816 740.441 733.257 7.18393 11.7394 721.517 482.763 475.509 708.946 496.094 212.853 12.8356 17.0451 594.909 561.649 8.88395 553.116 513.91 65.7059 39.2053
internal_count=3087485 2965450 122035 2965116 42703 873674 3988 38715 79332 2091442 762944 627937 2080753 27778 73804 1764 110730 1109561 2224 10937 971192 1362 47436 5528 1106 953531 26368 9729 7283 92472 3011 1192 123 18908 43666 5395 5178 4589 510 38271 38014 3627 1962 34387 33933 454 320 33613 26735 25622 5404 3025 2379 136 6120 13299 13062 194 1208 997 172 211
is_linear=0
shrinkage=0.05


Tree=35
num_leaves=63
num_cat=0
split_feature=4 0 1 0 0 3 1 2 2 1 0 1 1 1 0 2 3 1 3 2 2 3 2 1 3 2 2 3 3 3 3 2 0 2 1 2 1 2 2 0 3 3 1 1 2 1 1 1 2 1 2 1 0 3 2 3 2 3 2 2 1 1
split_gain=2833.24 1160.86 270.079 222.081 118.261 76.4723 71.1563 54.428 46.4758 37.3225 23.0863 20.8761 20.1567 16.9221 16.141 16.1128 15.8017 15.3928 14.5606 14.2931 13.5475 13.3761 12.7646 11.1926 10.4623 10.4314 10.302 15.0916 11.2251 12.8883 11.8977 11.5731 10.7398 10.0106 9.98454 12.3837 9.90771 9.82723 8.73327 10.5349 10.1674 9.59946 10.3835 9.47302 9.14258 8.60363 13.2171 8.49571 22.3721 9.52664 8.48926 8.10096 8.05843 10.4113 8.28627 8.02352 7.97129 7.99484 7.95143 11.1353 10.5343 9.87667
threshold=1.0000000180025095e-35 1.0000000180025095e-35 9.5796356201000012 0.99127593636512767 0.99749696254730169 0.75774592160000009 5.6880013943000014 5.7995538711500005 6.5113930702500005 9.970943450950001 0.99428731203079224 9.5796356201000012 7.1775269508500008 8.4591779709000026 0.98759838938713074 8.9321832657000027 -0.75889000294999986 8.8421487808000006 1.9670250415500001 3.6354871988000004 5.008239746100001 -1.6554722785999998 1.6520034671000003 12.385969162000002 -1.6888221502499998 9.9177846908500022 3.1331140995000006 0.23694828150000002 -0.26562823354999993 -0.079619277249999981 -1.0000000180025095e-35 2.5046740770000002 0.99659603834152222 5.1809973716500011 4.124782562250001 2.5452592373000003 8.2420878410500027 4.4905934334000008 3.8689814806000005 0.9937639832496642 -1.3223733305999998 -0.74315482379999986 7.1393289566000009 6.8564984798500008 4.4074857235000007 6.8564984798500008 6.9983239174000014 10.157680511450002 3.6354871988000004 11.303113460550001 3.0471605062500005 5.803470850000001 0.99749696254730169 1.4125910997500002 6.2053434849000011 -1.7212764620999998 1.8306259513000003 -1.1532353758499998 2.0082911253000004 1.7926350832000002 3.9614530802000005 8.3845911026000017
decision_type=2 10 8 10 8 10 10 10 10 8 10 10 10 10 10 10 10 10 10 10 10 10 10 10 8 10 10 8 8 8 8 10 10 10 8 10 8 10 10 10 10 10 8 8 10 10 10 10 8 10 10 10 10 10 8 10 8 8 10 10 10 10
left_child=1 -1 8 9 7 16 10 11 13 12 19 -4 24 58 -11 -9 -6 26 23 34 47 -21 -16 -7 -3 -10 28 38 32 -30 -31 51 36 -23 35 -5 50 -26 39 -28 -41 42 -42 -43 -40 52 -47 48 -18 -49 -8 -32 53 54 -29 -19 57 -36 59 60 -2 -60
right_child=2 3 4 6 5 18 17 15 25 14 -12 -13 -14 -15 22 -17 20 55 -20 21 -22 33 -24 -25 37 -27 27 45 29 30 31 -33 -34 -35 56 -37 -38 -39 44 40 41 43 -44 -45 -46 46 -48 49 -50 -51 -52 -53 -54 -55 -56 -57 -58 -59 61 -61 -62 -63
leaf_value=0.054055423819603571 -0.10818970057038713 -0.0059518241746718539 -0.0035242462307055475 -0.016029446316401907 0.052046189430001645 0.020838789224055458 -0.0094842919967803915 0.021092331306507568 0.016840902369998651 -0.046857291768235693 -0.017703007457309426 0.014348186322899895 -0.0056918070648171518 0.010187211685647461 -0.040131172908690421 0.029213059211622303 0.031399420536037052 -0.058253195183565892 0.014401273613238251 -0.0096698470193948716 0.041656316135724347 -0.04659963104025007 -0.028780034248456678 0.035042770364360203 -0.034630252176813037 0.038738677849151998 0.013433782863745686 0.010672043646258608 -0.078075392973100843 0.023573247312356223 -0.072829211810279695 -0.057237829538782786 0.031981048305277017 -0.0031484924447620329 -0.070023202435015391 -0.062265804180478293 -0.088210882227245324 -0.0068234506214588202 -0.048064439863807637 -0.078164240200740476 0.038794826980634245 -0.07919527280533091 -0.082519910642212174 -0.0063770049296597775 -0.017628929905897164 -0.068392438946615605 -0.0041899725341576818 0.039328283366731186 -0.16159675190030121 -0.013186621604939658 -0.086536099156618293 -0.018932129478558719 0.033020277934510532 -0.054250402890266114 -0.065201399208842367 0.0048776513759452291 -0.032719121125220491 0.01239525092667746 0.0044330587445246565 -0.13425404518323072 -0.0028038632640485176 -0.026735907396310099
leaf_weight=452.20772039890289 2.3827741434797636 38.753495853510685 200.05441049946239 176.54220168941538 427.89442346425494 247.50960340898018 183.71293245325796 1482.8506606491865 701.4279784647515 782.01142049653572 761.70446936174994 891.48576359832077 90.941255282086786 861.59227493865183 1490.0261149094586 1038.7053846922936 4.0727014075964689 5.1685894294059826 255.25987023848575 172.46435939820367 601.77914270944893 52.273007086187135 297.03912653628504 315.45890478836372 498.89688747067703 58.956459653098136 40.278394763940014 88.867748154210858 11.206887224980163 12.848421073751522 7.2908583760727188 25.866291606915183 14.467474918928927 17.758938604703872 3.5423220261000097 15.775949641130863 4.2472404531436032 33.935045381949749 33.535315591027029 6.8757104774704194 11.687087990401777 7.2657692717621103 2.0773387578083193 11.591862983885223 93.384430064295884 8.484580642252693 145.23180271411547 26.413177332608029 2.3785302361939094 12.831371405278331 3.6456777697894713 159.322917420679 28.932366428896785 7.3434273605234912 3.7503463120083316 191.76559048343915 1112.0286903654633 17.373644813720606 1192.8904520958022 1.6289836564101268 491.50313006708166 25.969228624249808
leaf_count=334 363 6821 18908 27884 402 1001 19918 8270 5404 625818 145902 8870 10403 12372 1093039 2667 20 1036 824 38347 977 16655 136411 571 210371 124 3091 10537 1786 756 2070 3285 468 3306 1246 5220 676 8579 5584 1533 856 1106 316 734 13318 1265 10734 74 51 68 635 21399 699 698 751 7479 521282 3102 33101 103 27159 706
internal_value=4.3088e-10 -0.0234704 0.0189029 -0.0287266 0.0257044 0.0358258 -0.0198815 0.0203999 0.00767696 -0.0381374 -0.0248441 0.0110726 -0.0275563 0.00447074 -0.0408661 0.0244375 0.0445905 -0.00945601 0.0243067 -0.0283137 0.0396633 -0.0171529 -0.0382444 0.028798 -0.031035 0.0185387 -0.0121936 -0.00725472 -0.017912 -0.0258616 -0.0230117 -0.0261214 -0.00955892 -0.0355811 -0.0303558 -0.0198222 -0.0126955 -0.0328593 -0.0175225 -0.00455904 -0.0229075 -0.0112611 0.0204859 -0.0344336 -0.0256707 0.000254927 -0.00773371 0.013417 -0.0397571 0.022158 -0.0109836 -0.0212906 0.00978203 0.00305606 0.00759973 0.00322077 -0.0321439 -0.00156311 0.00159781 -0.00374277 -0.0033123 0.00376897
internal_weight=15965.2 7122.12 8843.05 6669.92 5506.69 1893.6 3438.31 3613.1 3336.35 3231.6 2329.46 1091.54 662.527 2575.97 2569.08 2521.56 1075.37 1108.85 818.228 1567.76 647.475 242.496 1787.07 562.969 571.585 760.384 911.915 489.306 422.609 216.535 205.328 192.48 206.073 70.0319 1325.26 192.318 191.606 532.832 206.696 79.7762 39.4978 32.6221 13.7644 18.8576 126.92 282.61 153.716 45.6958 6.45123 39.2445 187.359 166.614 128.894 99.9615 92.6181 196.934 1132.94 20.916 1714.37 495.515 493.886 1218.86
internal_count=3087485 2965450 122035 2965116 42703 3988 873674 38715 79332 2091442 762944 27778 236174 73804 1855268 10937 1592 110730 2396 617042 1190 58308 1229450 1572 225771 5528 102215 51222 50993 29296 27510 26754 21697 19961 558734 33104 21229 218950 26538 7636 4545 3012 1172 1840 18902 24684 11999 213 71 142 20553 23469 12685 11986 11288 8515 525630 4348 61432 27625 27522 33807
is_linear=0
shrinkage=0.05


Tree=36
num_leaves=63
num_cat=0
split_feature=4 0 1 0 0 3 1 2 2 1 1 2 3 1 1 0 3 3 3 1 2 1 2 2 3 0 3 3 2 2 2 0 2 3 3 2 2 3 0 0 2 3 0 2 1 1 3 3 1 3 3 1 0 3 2 2 3 3 2 3 1 1
split_gain=2647.85 1099.26 257.608 212.725 117.049 77.0204 69.1753 53.8471 45.3761 37.203 27.1613 21.5249 22.0334 18.4612 16.402 16.1915 15.3101 14.4761 14.0319 13.3596 12.5593 11.2301 11.0019 10.5871 9.80446 10.6176 10.4248 9.7797 9.68311 9.66697 9.66148 9.54771 13.5448 9.32984 10.7822 29.2802 9.30548 13.4683 13.9386 12.0081 12.0878 9.9335 13.6425 9.26301 9.05571 15.787 9.0461 8.86323 8.56034 22.4482 8.38337 13.2794 15.4868 15.0193 10.2663 8.32738 8.05764 9.61992 8.0375 7.93954 7.90511 10.8608
threshold=1.0000000180025095e-35 1.0000000180025095e-35 9.5796356201000012 0.99127593636512767 0.99749696254730169 0.60498282315000018 5.6880013943000014 7.4548234939500011 6.5113930702500005 9.970943450950001 9.5796356201000012 3.6850485801500006 -0.86205407979999993 7.1775269508500008 7.1775269508500008 0.98759838938713074 1.7673547267500003 1.3381136656000001 -1.4498454332499999 12.385969162000002 1.6520034671000003 7.1042456627000012 4.4905934334000008 9.9177846908500022 1.0001577735000002 0.99529263377189625 -1.8933705091499997 -2.1550192832999997 3.8968374729500006 8.2642664909500017 4.9443864822500005 0.9937639832496642 4.5980322361000008 -1.5909368395499996 -1.4941591024499996 5.7348122597000009 3.1523958444500004 0.57257652285000005 0.99505531787872259 0.99574175477027871 2.9258253574000004 -1.4075136780999997 0.99390479922294572 9.9177846908500022 6.4836039543500013 6.2363815308000001 -1.2490309476499999 -1.6888221502499998 10.621663570400001 -0.54509136079999998 -2.0695745944999993 10.621663570400001 0.99320301413536072 -1.7431532144499997 4.2244176864500007 5.8678851127500007 -0.69229173659999987 0.54236027600000003 6.5113930702500005 0.83043432235000003 6.0989725590000008 6.5099203586500005
decision_type=2 10 8 10 8 10 10 10 10 8 10 10 10 10 10 10 10 10 10 10 10 10 10 10 10 10 10 8 10 10 10 10 10 10 10 10 10 8 10 10 10 8 10 10 10 8 8 8 8 10 10 8 8 10 10 10 10 10 8 10 10 10
left_child=1 -1 8 9 7 18 11 10 14 13 -4 12 -5 22 21 -11 19 36 -6 43 -17 27 47 -10 25 59 -27 44 -16 -28 48 32 50 -33 35 -35 37 39 -39 60 -41 42 58 -7 45 -2 -23 -3 49 -20 54 53 -53 -52 -12 -37 -14 -58 -38 -9 -8 -62
right_child=2 3 4 6 5 16 17 24 23 15 31 -13 56 -15 28 20 -18 -19 30 -21 -22 46 -24 -25 -26 26 29 -29 -30 -31 -32 33 -34 34 -36 55 41 38 -40 40 -42 -43 -44 -45 -46 -47 -48 -49 -50 -51 51 52 -54 -55 -56 -57 57 -59 -60 -61 61 -63
leaf_value=0.053965190959357104 0.0063881081931126786 -0.0082495637307851092 -0.0034507939950420155 -0.030072633344435374 0.054491901663829716 0.014706324449998868 -0.0031440418710123024 0.022142160885586598 0.016427532710319607 -0.046541540931535647 0.007394016287905595 -0.013996824279170676 -0.0037204891620495036 -0.0059540968296746127 0.0024759189372571275 -0.039650151951460849 0.015841867462656097 0.0022638351116908359 0.044460200992293669 0.036154729819353672 -0.028242928622343691 -0.096544975446577475 -0.0044193204366087136 0.038789505379564271 0.01301539509974479 0.04702907183964803 0.016895010761939607 -0.002810589124152477 0.010102238887098137 0.031548907803470944 0.042661176561201414 0.027257015218837374 0.016217357452708879 -0.11495057891179712 0.016813215470245002 0.073272380513454624 -0.019002404890330202 -0.021945941180223347 -0.062726915243728795 0.010261017466453012 -0.093024184176906555 -0.0049128067292767107 -0.070640698041821631 0.03756674303078486 0.027200537739174548 -0.09316123845259186 -0.020067524770296941 -0.034012064726612272 0.027225822704999326 -0.15007351762276083 0.0076948788275441734 0.025149939443856757 -0.10697144057078463 -0.10181381407993809 -0.046297496539831659 -0.0096645177615511668 -0.025442560662200821 -0.0092244326465818326 0.070858159894342951 0.054362548503035624 -0.049580203581083448 -0.017183985094136073
leaf_weight=434.32030129432678 59.12721391976811 35.859037281741621 209.83259904527222 1356.5235249257676 275.88474589795806 175.66243873268832 65.090141817810945 849.04564811766613 691.72935524932109 747.87438383985136 137.22013651346788 404.74672103984631 83.076033549121348 90.21325114154024 710.91967524692882 1436.62009410678 321.97280824242625 220.72207526501734 3.5481864754110575 321.93105688877404 290.00162060266302 4.6137932486599311 38.15908032603329 57.314776152838022 140.89866993110627 88.103179494384676 138.00874777924037 687.56649413573905 1004.0794346134062 609.95534513460007 653.04928652511444 234.29322540611611 317.32943276804872 5.800209239707331 771.39170566725079 4.6954457345418623 31.322671359113883 78.028946878213901 28.644838234293275 67.141049906087574 2.9575542445527381 427.35798676687409 13.907237419800365 59.261450126767159 56.581034091534093 4.2701976360986 23.877367149107162 483.9637195575342 35.999619388021529 2.5478343140566722 4.9282910278998306 14.270289179054094 2.626129100448451 8.5858728456078079 9.5208385928999615 8.5155012959148717 312.2780410850246 129.29062947342754 2.7031662992085321 19.559831343358383 32.560746586474124 125.91811972280266
leaf_count=334 2079 6448 19403 574016 213 860 7877 2792 5404 625818 1713 85277 15021 10403 17759 1093039 1053 7656 7 555 136411 278 8952 124 848 138 612 35131 16287 1381 1027 1429 2782 96 6545 7 4234 16944 3410 3578 361 44114 3712 89 834 316 1120 210371 124 60 66 146 84 327 226 69 69667 18963 113 51 6089 12642
internal_value=-8.33558e-11 -0.0230506 0.0183339 -0.0281927 0.0250353 0.0352451 -0.0195048 0.0197516 0.00731865 -0.0376029 0.0134114 -0.0244568 -0.0267074 -0.0269397 0.00414165 -0.0403961 0.0245208 -0.00917963 0.0449511 0.029539 -0.0377342 -0.00160057 -0.0303326 0.0181386 0.0256914 0.0267392 0.0307613 -0.000512093 0.0069409 0.0288451 0.0411646 0.0157404 0.0100344 0.018494 0.0158964 -0.0213027 -0.0120642 -0.0176804 -0.0328968 -0.0121531 0.00590328 -0.00733363 -0.028917 0.020473 0.01266 -0.00031714 -0.0324521 -0.0322349 0.0179475 -0.0368452 -0.00104117 -0.0249341 0.00461495 -0.0618786 0.00391041 0.019813 -0.0180062 -0.0206939 -0.0118635 0.0228677 -0.0178146 -0.02384
internal_weight=15663.8 6939.28 8724.52 6504.96 5424.44 1849.86 3382.27 3574.58 3300.08 3122.69 1729.01 2285.91 1881.17 648.195 2551.04 2474.5 878.828 1096.35 971.03 556.855 1726.62 836.036 557.982 749.044 1845.57 1704.67 836.067 807.545 1715 747.964 695.145 1519.18 494.481 1024.7 790.403 19.0112 875.632 400.341 106.674 293.668 70.0986 475.291 47.9331 234.924 119.978 63.3974 28.4912 519.823 42.0956 6.09602 177.152 30.4106 16.8964 13.5142 146.741 13.2109 524.645 441.569 34.0258 868.605 223.569 158.479
internal_count=3087485 2965450 122035 2965116 42703 3988 873674 38715 79332 2091442 32893 762944 677667 236174 73804 1855268 2557 110730 1431 1504 1229450 39758 225771 5528 5822 4974 2131 38360 34046 1993 1218 13490 5344 8146 6717 172 103074 50901 20354 30547 3939 52173 8059 949 3229 2395 1398 216819 191 67 2562 623 230 393 1939 76 103651 88630 4347 2843 26608 18731
is_linear=0
shrinkage=0.05


Tree=37
num_leaves=63
num_cat=0
split_feature=4 0 1 0 0 3 1 2 2 2 1 0 1 0 3 3 0 0 2 2 3 3 2 1 3 3 2 2 1 1 3 3 3 2 3 0 2 2 3 0 2 0 1 2 1 1 0 0 3 1 3 0 2 0 3 0 1 1 1 2 3 2
split_gain=2491.06 1041.71 251.649 204.005 121.875 75.6373 65.477 61.0839 36.3206 34.7536 25.0274 19.9775 16.6938 16.2284 15.6162 14.9262 14.2142 13.2893 12.6668 12.3384 11.3122 11.1284 10.6055 11.5703 22.9712 10.1596 10.1251 9.6319 11.2616 9.49312 16.6435 23.0978 11.3214 11.2083 13.8756 10.3776 9.02675 9.00719 8.96994 14.369 8.93546 8.82579 8.77802 10.5132 8.564 8.81909 8.56358 8.26255 8.46054 24.8234 8.5412 10.5055 10.9627 9.41336 8.3729 8.28065 8.06113 16.7768 12.2898 12.0283 14.7286 13.4544
threshold=1.0000000180025095e-35 1.0000000180025095e-35 9.2959427833500019 0.99127593636512767 0.99749696254730169 0.60498282315000018 5.6880013943000014 7.4548234939500011 1.6520034671000003 5.6761372089500011 9.2959427833500019 0.99428731203079224 7.1393289566000009 0.99445441365241971 -1.5166721343999996 -1.4498454332499999 0.98819151520729065 0.99610862135887113 9.9177846908500022 3.6354871988000004 -1.6554722785999998 0.30630886555000009 4.9443864822500005 10.621663570400001 -0.54509136079999998 -1.4941591024499996 9.9177846908500022 5.2212238311500005 4.7488431931000017 10.916908264200002 0.21231634915000003 0.66179871560000014 0.51117780805000013 4.2407991886000014 0.48539993170000001 0.98900726437568665 4.4905934334000008 5.1809973716500011 -0.74315482379999986 0.99505531787872259 2.8228577375500006 0.98825642466545072 4.124782562250001 2.5452592373000003 2.6703354120500005 4.3341288567000005 0.98314931988716114 0.99529263377189625 -1.7431532144499997 13.406540870650002 -1.4498454332499999 0.99493658542633023 7.7688174248000008 0.99454283714294378 0.51117780805000013 0.9926192164421076 7.4158477783000007 6.7083346844000014 6.8266420364500009 3.7363255024000002 -1.0383316278499997 4.155061721800001
decision_type=2 10 8 10 8 10 10 10 10 10 10 10 10 8 8 10 10 10 10 10 10 10 10 8 10 8 10 8 10 10 10 10 10 8 8 10 10 10 10 10 8 10 8 10 8 10 10 10 10 10 10 10 10 10 10 10 10 10 10 8 10 8
left_child=1 -1 9 8 7 15 11 10 16 13 -4 19 36 21 -15 -6 -3 -8 -7 42 -21 27 23 24 -17 -16 47 -2 -29 30 -12 32 33 -32 -35 46 -10 -22 39 -11 -33 -14 43 -5 -18 -46 -31 48 49 -9 53 -52 -53 55 -54 -50 57 59 -59 60 -27 -61
right_child=2 3 4 6 5 18 17 26 12 38 29 -13 41 14 25 22 44 -19 -20 20 37 -23 -24 -25 -26 56 -28 28 -30 35 31 40 -34 34 -36 -37 -38 -39 -40 -41 -42 -43 -44 -45 45 -47 -48 -49 50 -51 51 52 54 -55 -56 -57 -58 58 -60 61 -62 -63
leaf_value=0.053876818106250814 0.0028873732809026297 -0.044673367911680327 -0.0037506041729910458 -0.015957846554984601 0.054311439678006862 0.019451020163711363 -0.012956894751020274 0.025733303426938661 -0.031284825657649784 0.012179121610828514 0.013886199200006472 -0.017368683628781481 -0.055960654000761181 0.020254808377258144 -0.10848264726040791 0.042549484231267844 0.011050812017694089 -0.0011500219973229651 0.031791998180467455 -0.010053266736857875 -0.045320361505052413 -0.066441941521119138 0.04198613032772236 0.027330116333230625 -0.14525380636627391 -0.052457397518935467 0.03106841127084134 -0.058406488819519903 -0.0048069832492239895 0.059603049246263501 0.011813309396428284 0.044835068919659021 -0.11382974126232839 -0.084611595934221129 0.040316603970611223 0.020132739375618304 -0.011399320673223376 -0.0035316487706637798 0.0055453357991476181 0.028014381969952224 -0.00028347053405892373 0.0057797509383345491 -0.031079089840245596 -0.060528555846602952 -0.038504113224852032 -0.02624995318108761 -0.086105007678103779 0.027143760124674794 0.015140177370883929 -0.026653582377073257 0.020074371502861361 0.035651088753695034 -0.016508035692184175 0.0088658295489852448 -0.10188548609133921 -0.07455136020031565 0.0085751306752813849 -0.10430038638513713 -0.020236877595874399 -0.10229686767130752 0.038079598419392846 -0.0017939786315202422
leaf_weight=416.78094756603241 786.71657843497815 943.87809178538737 208.44387740254751 173.27775869349716 268.52595572645077 557.55157979589421 732.95489085448207 466.05912187951617 478.82033774067531 482.6736849603476 977.13391084779869 744.02641123169451 6.500496581895276 200.6170969583909 2.011455527623184 3.4886067546904087 9.2872517560608667 353.16008076691651 331.57929064752534 169.86184052369208 49.165827035641996 6.4553253087215117 645.35494761605514 35.059578964253888 3.0532953790389001 5.109504514024592 535.36480127903633 9.9860934746684489 525.34064422603115 1.3449183702468861 9.2068893569521588 12.953053127275778 5.0140924331499255 11.019843953312373 2.7842188995564419 616.37461384391645 64.790920191255282 17.47889135411242 234.12464036291931 203.72118289628997 71.806342905969359 52.83611967851175 1079.0973897491203 14.324251156023818 1295.400706718443 165.59264484792948 4.0299599750433117 635.85777820082149 3.713479852769523 23.766036454588175 184.87718691379996 9.2489653371740115 20.441818542080004 19.996117969509214 3.3409706569509572 8.3817316188942623 326.03447541483911 4.7633257849374777 49.841344414628111 3.5513143956486601 37.175973958335817 53.437839173595421
leaf_count=334 20943 806421 19403 27884 215 2160 92472 1400 222688 4947 9503 145902 1352 3395 94 8 2279 18258 541 38347 16655 578 1068 124 77 248 1229 1840 24911 2 94 43 252 454 34 4621 22291 3306 4139 1238 1104 4417 525630 5220 963824 68170 169 2188 17 114 865 38 119 68 50 72 6715 428 2345 451 544 3187
internal_value=-2.16842e-10 -0.0226981 0.0178456 -0.0277237 0.0239899 0.034549 -0.0191978 0.018906 -0.0371433 0.00594977 0.0126074 -0.0240696 -0.0261661 0.00226656 0.00853288 0.0443159 -0.039885 -0.00911778 0.0240533 -0.0273862 -0.0169027 -0.000952892 0.0404088 0.0159398 -0.0451038 0.00365324 0.0252344 -0.00063312 -0.00580684 0.0145994 0.0117871 -0.00639937 -0.04575 -0.0309154 -0.0594141 0.0195295 -0.0289147 -0.0343604 0.0139964 0.016879 0.00661161 -0.000984088 -0.0293436 -0.019361 -0.0368109 -0.0371152 -0.0496455 0.022964 0.0193716 0.0231915 0.0118872 0.0154339 -0.0105388 -0.0121953 -0.0285017 -0.0470142 0.00412324 -0.00530929 -0.02757 0.00693491 0.0271397 -0.00805688
internal_weight=15374.6 6767.23 8607.33 6350.45 5675.77 1844.61 3333.35 3831.16 3017.11 2931.56 1920.11 2247.23 602.948 2011.04 682.542 955.482 2414.16 1086.11 889.131 1503.21 236.507 1328.5 686.956 41.6015 6.5419 481.925 1911.05 1322.04 535.327 1711.67 1089.92 112.784 28.025 23.011 13.8041 621.749 543.611 66.6447 920.52 686.395 84.7594 59.3366 1266.7 187.602 1470.28 1460.99 5.37488 1375.68 739.825 489.825 250 217.909 33.0318 32.0913 23.7828 12.0952 479.914 153.879 54.6047 99.2746 42.2855 56.9892
internal_count=3087485 2965450 122035 2965116 46032 4193 873674 41839 2091442 76003 35679 762944 250748 65679 17407 1492 1840694 110730 2701 617042 58308 48272 1277 209 85 14012 6160 47694 26751 16276 11484 1981 834 582 488 4792 244979 19961 10324 6185 1147 5769 558734 33104 1034273 1031994 171 4931 2743 1514 1229 1072 207 157 169 89 13918 7203 2773 4430 792 3638
is_linear=0
shrinkage=0.05


Tree=38
num_leaves=63
num_cat=0
split_feature=4 0 1 1 0 0 3 2 3 2 2 1 2 0 0 2 3 0 3 3 1 2 2 0 1 0 3 2 1 3 3 3 0 3 1 1 0 0 0 1 2 0 1 0 0 2 1 2 2 3 1 3 1 1 3 1 1 3 3 0 1 1
split_gain=2347.97 987.043 247.321 193.811 118 77.5355 72.4026 45.922 35.4917 32.8565 29.2253 25.0233 18.2927 16.9503 15.3963 13.6388 12.6413 12.4625 12.0401 11.1487 10.9916 10.6084 10.4655 10.178 16.2851 16.0002 13.603 12.3812 12.3565 12.0552 9.66352 9.60889 14.626 16.9106 9.41177 11.4 9.67398 11.0688 9.56569 9.06816 8.86487 8.68327 11.9805 12.5304 9.01819 8.63661 8.5749 8.43999 10.8089 8.60457 13.0419 8.30582 9.70859 14.3598 8.22959 8.21119 8.0858 9.10517 24.4177 9.15312 8.08262 9.20831
threshold=1.0000000180025095e-35 1.0000000180025095e-35 9.2959427833500019 4.3780934810500005 0.99659603834152222 0.99092754721641529 -0.21150645609999999 8.2642664909500017 0.48539993170000001 6.5113930702500005 9.9177846908500022 9.2959427833500019 7.2120532989500008 0.99463641643524159 0.98819151520729065 6.2053434849000011 1.0939804315500001 0.98759838938713074 -2.4906959533999995 1.1460097432000003 10.157680511450002 2.7745139599000006 4.4485876560500008 0.99303525686264016 6.0551803112000009 0.99281930923461859 -1.7431532144499997 4.643785953500001 9.0456075668000029 -0.11936038359999999 -2.4742108583499998 -0.91866838929999994 0.99696221947669972 0.8681984544000001 3.9056440592000006 3.8522540331000004 0.9916553795337677 0.99220043420791615 0.99337649345397916 8.0259971618500021 3.5555069446500007 0.99493658542633023 9.1746740341500015 0.99314874410629261 0.99247750639915466 6.8185496330500008 5.9667441845000004 2.2583487034000007 2.1682319641000007 -0.56304064394999986 13.406540870650002 -0.31950409709999994 8.2420878410500027 5.3117687702000005 1.9670250415500001 12.385969162000002 6.3269672394000009 -0.17706392704999999 0.35520821810000008 0.99343603849410977 7.3682804107500006 4.6873321533500016
decision_type=2 10 8 10 8 10 10 10 10 10 10 10 8 10 10 8 10 10 8 10 10 10 10 10 10 10 8 10 8 8 10 10 10 8 8 10 10 10 8 10 10 10 10 10 10 8 8 10 10 10 10 10 8 10 10 8 10 10 10 10 8 8
left_child=1 -1 9 5 7 17 12 11 14 15 19 -4 20 34 -5 18 -12 -3 -2 -8 -6 -16 -15 25 29 26 27 -20 39 46 -14 41 33 51 35 36 -7 -38 -37 60 -19 42 -11 44 45 -44 -25 48 55 -49 -51 52 53 -33 56 -13 -17 -58 59 -59 61 -27
right_child=2 3 4 8 6 13 10 -9 -10 31 16 47 30 22 21 54 -18 40 23 -21 -22 -23 -24 24 -26 28 -28 -29 -30 -31 -32 32 -34 -35 -36 38 37 -39 -40 -41 -42 -43 43 -45 -46 -47 -48 49 -50 50 -52 -53 -54 -55 -56 -57 57 58 -60 -61 -62 -63
leaf_value=0.053791793204812546 0.022013514739904618 -0.044743919013489654 -0.0045031229876691834 -0.039345991849180667 0.0052645659022654973 -0.0046661010836377753 0.025016745163941215 0.025073008509577079 -0.0030629758632378496 0.016937926522903209 0.04131429217324608 0.006159187337799168 0.055491084679771541 -0.019681492454350236 -0.021252932889089499 -0.013169519658464355 0.026460952672433161 -0.0377977116025838 -0.0149151779290288 0.014721974013146653 0.035342639314201396 -0.012447815997144798 0.004640865089855388 -0.0011343401985433644 0.0095886182344951595 0.03562717752241517 0.0027253709068920224 -0.094986526172191263 0.03629074503236495 -0.054014511981546123 0.042767054803724856 0.042357222851675418 0.022214963245304614 -0.11254630871812288 -0.029762543678178682 0.020410296498993223 -0.06608837644379327 -0.024159349315267659 -0.07908744226751406 -0.098962786966846461 -0.021698083874666176 0.029939768125762958 0.038660218797939856 -0.12049932167593486 0.054831809573950452 -0.11392673829062155 -0.096620156335559731 0.017433034669642355 -0.12367500992132159 0.0049511546283679481 0.03212632736035298 0.0080052724977183413 -0.0076656114401434444 -0.11307188839892557 -0.12153531195674205 -0.10076037648274948 0.0019898087400207864 0.0013618985889023412 -0.00058644915810529877 -0.11626839339724569 0.00075377158642489126 -0.092722010038381375
leaf_weight=399.70387357473373 101.35632510617143 736.15626490488648 198.45067918897257 82.142221417001565 40.133553761639632 50.391121048305649 586.61036506231176 1107.2388729641098 516.7000745665282 274.79894741985481 307.22550953377504 172.41518154295045 210.6775258667767 350.06518862565281 718.39000591472723 148.67459877161309 268.38072994642425 1526.2119851061289 20.639336881693456 476.69563694973476 124.90343154419679 653.01500962735736 50.622588715108577 64.427683392190374 848.14432170800865 1.7540886506903914 562.03476471919566 6.3018957920139647 4.8685504635795978 15.150751798588315 511.52517361729406 2.0024508689530194 72.361476632999256 3.7175904097966841 1282.4965129425545 25.96729880414205 18.736661729606567 98.423559135495452 2.6633908163057631 7.0183368114521718 90.577255400654394 145.06903697503731 1.5162373082712293 3.1639242137316614 3.6278428062796593 2.3877628454938513 2.4402629157993934 1207.0661571223754 1.6463028867728997 318.63910579512594 51.251934304193128 54.221474146121182 21.274834592710253 5.7619804495479912 1.4648734761867661 1.8145913062617172 476.60950213021715 2.1022465317510051 30.354185050353408 7.751741892658174 9.1941734781139584 6.8729891967959684
leaf_count=334 1455 650505 19173 41013 293 7559 2580 3183 33551 1984 468 2670 159 76194 172111 13154 544 1158738 700 2340 404 107744 7773 2374 17814 42 14271 317 45 1313 942 15 585 158 646217 2004 5222 16288 703 240 39494 608 10 54 6 42 190 8840 51 4046 231 835 230 249 48 108 16257 125 1083 998 207 594
internal_value=4.97758e-13 -0.0223649 0.0173885 -0.0272725 0.023545 -0.0333029 0.0315421 0.0169398 -0.0143186 0.00556154 0.025314 0.0123246 0.0430468 -0.0257305 -0.0183196 0.00287949 0.0343888 -0.0393512 0.0053182 0.0204014 0.0280283 -0.0170602 -0.0166086 0.00422566 0.00753127 -0.00074417 0.0010617 -0.0336449 -0.0365464 -0.0137435 0.0464788 0.0160967 0.00560676 -0.00821041 -0.0282024 -0.0180032 -0.0229855 -0.0308648 0.0111544 -0.0508224 -0.0368958 0.0199787 0.0149172 -0.0369998 -0.00192394 -0.0546649 -0.00461898 0.0142298 0.00384073 0.0153885 0.00871653 -0.00355181 -0.025131 -0.0729866 -0.00315442 0.00504563 -0.00289385 6.21903e-05 -0.0227869 -0.0911732 -0.0318639 -0.0666256
internal_weight=15094 6602.26 8491.74 6202.56 5584.67 4232.31 2526.15 3058.52 1970.25 2907.06 1638.91 1951.28 887.24 1879.37 1453.55 2317.16 575.606 2352.95 1650.2 1063.31 165.037 1371.41 400.688 1548.85 930.163 618.684 588.976 26.9412 29.7081 82.0187 722.203 589.904 159.34 86.9783 1478.68 196.182 167.551 117.16 28.6307 24.8396 1616.79 430.564 285.495 10.6958 7.53184 3.904 66.8679 1752.83 175.876 1576.96 369.891 83.2607 29.0393 7.76443 666.957 174.23 665.492 516.818 40.2082 9.85399 17.8213 8.62708
internal_count=3087485 2965450 122035 2965116 46032 2610697 7730 38302 354419 76003 5932 35119 1798 761960 320868 71227 1012 1848737 39562 4920 697 279855 83967 38107 21691 16416 15288 1017 1128 3877 1101 4776 2072 1487 677993 31776 29069 21510 2707 1083 1198232 2704 2096 112 58 52 2564 15946 2829 13117 4277 1329 494 264 31665 2778 31617 18463 2206 1123 843 636
is_linear=0
shrinkage=0.05


end of trees

feature_importances:
sasrec_score=641
bpr_score=595
retr_score=577
trans_score=566
is_repeat=39

parameters:
[boosting: gbdt]
[objective: lambdarank]
[metric: ndcg]
[tree_learner: serial]
[device_type: cpu]
[data_sample_strategy: bagging]
[data: ]
[valid: ]
[num_iterations: 100]
[learning_rate: 0.05]
[num_leaves: 63]
[num_threads: 16]
[seed: 0]
[deterministic: 0]
[force_col_wise: 0]
[force_row_wise: 0]
[histogram_pool_size: -1]
[max_depth: -1]
[min_data_in_leaf: 20]
[min_sum_hessian_in_leaf: 0.001]
[bagging_fraction: 1]
[pos_bagging_fraction: 1]
[neg_bagging_fraction: 1]
[bagging_freq: 0]
[bagging_seed: 3]
[bagging_by_query: 0]
[feature_fraction: 1]
[feature_fraction_bynode: 1]
[feature_fraction_seed: 2]
[extra_trees: 0]
[extra_seed: 6]
[early_stopping_round: 0]
[early_stopping_min_delta: 0]
[first_metric_only: 0]
[max_delta_step: 0]
[lambda_l1: 0]
[lambda_l2: 0]
[linear_lambda: 0]
[min_gain_to_split: 0]
[drop_rate: 0.1]
[max_drop: 50]
[skip_drop: 0.5]
[xgboost_dart_mode: 0]
[uniform_drop: 0]
[drop_seed: 4]
[top_rate: 0.2]
[other_rate: 0.1]
[min_data_per_group: 100]
[max_cat_threshold: 32]
[cat_l2: 10]
[cat_smooth: 10]
[max_cat_to_onehot: 4]
[top_k: 20]
[monotone_constraints: ]
[monotone_constraints_method: basic]
[monotone_penalty: 0]
[feature_contri: ]
[forcedsplits_filename: ]
[refit_decay_rate: 0.9]
[cegb_tradeoff: 1]
[cegb_penalty_split: 0]
[cegb_penalty_feature_lazy: ]
[cegb_penalty_feature_coupled: ]
[path_smooth: 0]
[interaction_constraints: ]
[verbosity: 1]
[saved_feature_importance_type: 0]
[use_quantized_grad: 0]
[num_grad_quant_bins: 4]
[quant_train_renew_leaf: 0]
[stochastic_rounding: 1]
[linear_tree: 0]
[max_bin: 255]
[max_bin_by_feature: ]
[min_data_in_bin: 3]
[bin_construct_sample_cnt: 200000]
[data_random_seed: 1]
[is_enable_sparse: 1]
[enable_bundle: 1]
[use_missing: 1]
[zero_as_missing: 0]
[feature_pre_filter: 1]
[pre_partition: 0]
[two_round: 0]
[header: 0]
[label_column: ]
[weight_column: ]
[group_column: ]
[ignore_column: ]
[categorical_feature: ]
[forcedbins_filename: ]
[precise_float_parser: 0]
[parser_config_file: ]
[objective_seed: 5]
[num_class: 1]
[is_unbalance: 0]
[scale_pos_weight: 1]
[sigmoid: 1]
[boost_from_average: 1]
[reg_sqrt: 0]
[alpha: 0.9]
[fair_c: 1]
[poisson_max_delta_step: 0.7]
[tweedie_variance_power: 1.5]
[lambdarank_truncation_level: 30]
[lambdarank_norm: 1]
[label_gain: ]
[lambdarank_position_bias_regularization: 0]
[eval_at: 10,20,50]
[multi_error_top_k: 1]
[auc_mu_weights: ]
[num_machines: 1]
[local_listen_port: 12400]
[time_out: 120]
[machine_list_filename: ]
[machines: ]
[gpu_platform_id: -1]
[gpu_device_id: -1]
[gpu_use_dp: 0]
[num_gpu: 1]

end of parameters

pandas_categorical:[]
